full_name,sha,stars,license,created_at,pushed_at,status,reject_reason,baseline_seconds,n_poms,junit_version,strict_post_cutoff,relaxed_post_cutoff,strict_pre_cutoff,relaxed_pre_cutoff,selected,screened_at
JodaOrg/joda-time,d1ee10e1b855b403ae957e2a2765e41c450f7cdc,4981,Apache-2.0,2011-05-16T16:49:57Z,2026-07-26T13:33:54Z,rejected,"过 cutoff 候选不足（strict=0, relaxed=0）",skipped,1,junit4,0,0,2,9,0,2026-09-05 16:45:20
querydsl/querydsl,dd905aebf987599044e20b5822e7f035cee6a868,4970,Apache-2.0,2011-08-05T06:46:32Z,2026-05-28T12:13:54Z,rejected,cutoff 2026-01-01 以来 src/main/java 零提交（主代码冻结）,,33,junit4+vintage,,,,,,2026-09-05 16:46:04
spring-cloud/spring-cloud-netflix,17e7a17f23a5a780627d5430ca93e1aab4aeb7f0,4968,Apache-2.0,2014-07-11T15:46:12Z,2026-09-02T21:03:10Z,rejected,pom 中未声明 JUnit 依赖,,8,,,,,,,2026-09-05 16:46:08
iflytek/skillhub,53df1041f5e2f7382a2cd9ea81775c55a81b10d3,4966,Apache-2.0,2026-03-11T12:17:05Z,2026-09-03T12:10:59Z,accepted,,skipped,8,junit5,1,6,0,0,5,2026-09-05 16:46:56
spring-cloud/spring-cloud-gateway,c84adc94414af383c2aa1ecabc4641ae782e1873,4905,Apache-2.0,2016-11-16T21:42:51Z,2026-09-01T22:58:41Z,rejected,pom 中未声明 JUnit 依赖,,15,,,,,,,2026-09-05 16:47:10
micrometer-metrics/micrometer,7efb0bcfb7c97972d73534d953c0ea04a2edd999,4896,Apache-2.0,2017-04-10T21:36:51Z,2026-09-02T21:21:40Z,rejected,无 pom.xml（Gradle-only? gradle文件数=53）,,0,,,,,,,2026-09-05 16:47:12
deepjavalibrary/djl,1cb7449ac8ea04f2b17fe562610982413dfab2cf,4852,Apache-2.0,2019-10-29T22:38:54Z,2026-09-03T00:34:27Z,rejected,pom 中未声明 JUnit 依赖,,1,,,,,,,2026-09-05 16:47:15
dromara/dynamic-tp,e304f1832db7afc2a83bd7440b1b95018c0562c5,4801,Apache-2.0,2022-01-07T16:35:27Z,2026-08-21T11:35:17Z,rejected,"过 cutoff 候选不足（strict=0, relaxed=0）",skipped,100,junit4+junit5,0,0,0,1,0,2026-09-05 16:47:19
Querz/mcaselector,ee60b273515415b5aaf00ae40b9841587b14bd8c,4779,MIT,2018-04-22T22:23:26Z,2026-07-18T03:57:27Z,rejected,无 pom.xml（Gradle-only? gradle文件数=2）,,0,,,,,,,2026-09-05 16:47:22
discord-jda/JDA,f0a4cf0fb54a87804025b3c87132754243da6a84,4684,Apache-2.0,2015-12-12T13:57:32Z,2026-08-26T19:13:12Z,rejected,无 pom.xml（Gradle-only? gradle文件数=8）,,0,,,,,,,2026-09-05 16:47:24
rememberber/WePush,48ff0f6b6b6488841b948c8332664f3ea1ac969c,4677,MIT,2017-06-23T09:03:36Z,2026-08-30T14:33:46Z,accepted,,skipped,26,junit4+junit5,4,20,0,2,5,2026-09-05 16:47:26
RedSpider1/concurrent,573cea97fe83ddaa91c7918ba367dcaf70a3e804,4612,MIT,2018-11-03T13:49:36Z,2026-07-10T15:56:22Z,rejected,无 pom.xml（Gradle-only? gradle文件数=0）,,0,,,,,,,2026-09-05 16:48:50
JZ-Darkal/AndroidHttpCapture,6935cbb0790af02ff96dde03a225f4170c359422,4603,MIT,2016-10-15T19:48:00Z,2026-05-07T15:24:24Z,rejected,无 pom.xml（Gradle-only? gradle文件数=3）,,0,,,,,,,2026-09-05 16:48:52
jishenghua/jshERP,ad6cf886dd4e0676723060a25d361c703dc56bc0,4552,Apache-2.0,2016-09-20T04:51:39Z,2026-08-19T03:49:28Z,rejected,pom 中未声明 JUnit 依赖,,1,,,,,,,2026-09-05 16:48:53
s4kibs4mi/java-developer-roadmap,08496fab46d3d037e6ea7ce3baebd4cb19fc0a0f,4530,MIT,2019-04-23T06:42:13Z,2026-03-15T18:46:28Z,rejected,无 pom.xml（Gradle-only? gradle文件数=0）,,0,,,,,,,2026-09-05 16:48:54
apache/fory,80e9b576c84aba6fed54b6520d0c88ea11bf9172,4523,Apache-2.0,2023-04-28T03:57:00Z,2026-09-03T06:43:50Z,accepted,,skipped,26,junit4,5,40,0,6,5,2026-09-05 16:48:54
apache/shiro,ca444c3332b5996a1c7c75eed610a9598c0ca5a9,4455,Apache-2.0,2009-08-29T08:00:17Z,2026-09-01T20:35:47Z,rejected,"过 cutoff 候选不足（strict=1, relaxed=0）",skipped,56,junit5+vintage,1,0,0,1,1,2026-09-05 16:50:40
dreamhead/moco,5ed23ff30d7128487c6ca6fdf595594e5436ef21,4445,MIT,2012-10-18T09:09:51Z,2026-05-10T02:14:56Z,rejected,无 pom.xml（Gradle-only? gradle文件数=10）,,0,,,,,,,2026-09-05 16:50:48
JetBrains/fernflower,032de386b93d1327b4fd022a3420e50c985cd263,4385,Apache-2.0,2014-10-03T05:00:15Z,2026-09-03T11:23:36Z,rejected,无 pom.xml（Gradle-only? gradle文件数=1）,,0,,,,,,,2026-09-05 16:50:49
eirslett/frontend-maven-plugin,9322a2dffec2f8ce83bf5dea5c7fbcbeb4f404b4,4383,Apache-2.0,2013-08-30T14:44:38Z,2026-08-04T04:24:48Z,rejected,"过 cutoff 候选不足（strict=0, relaxed=0）",skipped,14,junit5,0,0,0,1,0,2026-09-05 16:50:50
google/open-location-code,83986da0156bbf51fba33d0327d8ca4b7f955c89,4349,Apache-2.0,2014-09-30T18:26:35Z,2026-03-30T16:23:12Z,rejected,cutoff 2026-01-01 以来 src/main/java 零提交（主代码冻结）,,1,junit4,,,,,,2026-09-05 16:50:53
apache/streampark,829466b5470d749773793193f1fc1d46e8613d61,4329,Apache-2.0,2019-05-27T05:56:03Z,2026-09-02T02:30:45Z,accepted,,skipped,30,junit5,1,6,0,3,5,2026-09-05 16:50:54
JFormDesigner/FlatLaf,5989569bc50610e6b5797980d33b760165a3de43,4267,Apache-2.0,2019-08-19T10:27:05Z,2026-08-25T17:43:16Z,rejected,无 pom.xml（Gradle-only? gradle文件数=26）,,0,,,,,,,2026-09-05 16:51:22
mybatis/spring-boot-starter,5254db9c6db04b7ab7f4f31c0c98c27b87f42b67,4252,Apache-2.0,2015-09-25T13:05:15Z,2026-08-27T21:51:52Z,rejected,"过 cutoff 候选不足（strict=0, relaxed=0）",skipped,17,junit5,0,0,0,1,0,2026-09-05 16:51:25
lukas-krecan/ShedLock,00bc847746081aa9556666eaec262fb502baebfa,4215,Apache-2.0,2016-12-11T13:53:59Z,2026-09-02T16:25:49Z,rejected,"过 cutoff 候选不足（strict=0, relaxed=0）",skipped,52,junit5,0,0,0,0,0,2026-09-05 16:51:31
RipMeApp/ripme,3810204bb0fab85d7e09bec9465e4a5733d0485f,4113,MIT,2017-01-06T17:12:09Z,2026-08-16T06:38:22Z,rejected,无 pom.xml（Gradle-only? gradle文件数=2）,,0,,,,,,,2026-09-05 16:51:34
knowm/XChange,3da5e7686506e824d5eb510a1df26656bceaea1a,4082,MIT,2012-02-02T10:48:28Z,2026-07-31T12:04:54Z,rejected,"过 cutoff 候选不足（strict=0, relaxed=1）",skipped,100,junit5+vintage,0,1,2,14,1,2026-09-05 16:51:34
awaitility/awaitility,4fc23ccbd610ec16d14c2e7728e0593bffa6ac64,4022,Apache-2.0,2010-01-22T15:12:52Z,2026-04-17T11:01:24Z,rejected,"过 cutoff 候选不足（strict=0, relaxed=0）",skipped,8,junit4,0,0,0,0,0,2026-09-05 16:53:40
fishercoder1534/Leetcode,f19b8bfda4659a774751d475dbe5d40df30c65b0,4003,Apache-2.0,2016-07-31T05:28:15Z,2026-08-04T02:51:24Z,rejected,无 pom.xml（Gradle-only? gradle文件数=2）,,0,,,,,,,2026-09-05 16:53:41
kubernetes-client/java,c3902caaf68b51566a11ad21cf963ef10673ed98,3999,Apache-2.0,2017-05-08T21:52:58Z,2026-09-03T02:03:55Z,rejected,"过 cutoff 候选不足（strict=0, relaxed=4）",skipped,15,junit5,0,4,0,0,4,2026-09-14 15:44:49
shuzijun/leetcode-editor,ac391f9fe766fcaa122c589175020970078b7b5c,3979,Apache-2.0,2019-03-19T16:32:17Z,2026-08-13T06:21:24Z,rejected,无 pom.xml（Gradle-only? gradle文件数=2）,,0,,,,,,,2026-09-14 15:47:28
mercyblitz/tech-weekly,08e477621c68729eaa929d4340cdfd62db03b390,3970,Apache-2.0,2018-12-03T03:10:52Z,2026-07-27T03:07:07Z,rejected,无 pom.xml（Gradle-only? gradle文件数=0）,,0,,,,,,,2026-09-14 15:47:32
RoaringBitmap/RoaringBitmap,f2289086f4204df51a1d9c4e494d50ffa3ee8988,3922,Apache-2.0,2013-06-17T20:29:23Z,2026-09-02T15:27:59Z,rejected,无 pom.xml（Gradle-only? gradle文件数=8）,,0,,,,,,,2026-09-14 15:47:42
sofastack/sofa-rpc,e72c9e7087619bdd815c0ac326a65a369e01d260,3921,Apache-2.0,2018-04-09T03:32:04Z,2026-09-01T03:39:02Z,rejected,"过 cutoff 候选不足（strict=0, relaxed=0）",skipped,68,junit4,0,0,5,7,0,2026-09-14 15:47:57
bluelinelabs/Conductor,70976f05f5ae4c36b4803fb861a6eb12ba307fb1,3898,Apache-2.0,2016-03-16T18:42:41Z,2026-03-14T00:59:18Z,rejected,无 pom.xml（Gradle-only? gradle文件数=8）,,0,,,,,,,2026-09-14 15:49:25
uncle-novel/uncle-novel,35edc02e434889c5053f679a1029aae2e3aa4ce4,3884,MIT,2018-12-11T12:15:30Z,2026-03-26T03:23:26Z,rejected,无 pom.xml（Gradle-only? gradle文件数=9）,,0,,,,,,,2026-09-14 15:49:31
nageoffer/ragent,2c23482014937aed6a81e7a66952d257c3f6fce0,3875,Apache-2.0,2025-11-20T07:22:53Z,2026-09-02T14:31:31Z,rejected,pom 中未声明 JUnit 依赖,,8,,,,,,,2026-09-14 15:49:59
JCTools/JCTools,f6883851e88c3c6b5fb8b6aa2d7a04a8c7c6c9dc,3871,Apache-2.0,2013-11-10T18:04:40Z,2026-08-18T14:28:40Z,accepted,,skipped,8,junit4,6,9,0,1,6,2026-09-14 15:50:16
1024-lab/smart-admin,2dbf3c285afbb187efb19630c4dd70664067cbc2,3857,MIT,2019-11-16T02:30:31Z,2026-07-01T14:27:42Z,rejected,pom 中未声明 JUnit 依赖,,6,,,,,,,2026-09-14 15:51:30
tchiotludo/akhq,602d69df7f8687d1036e1520df6f285b20139eda,3850,Apache-2.0,2018-09-09T19:35:39Z,2026-09-02T19:45:24Z,rejected,无 pom.xml（Gradle-only? gradle文件数=3）,,0,,,,,,,2026-09-14 15:51:38
dromara/liteflow,039d5cff0ca71d358db51413c10ed3177d74eb89,3844,Apache-2.0,2020-03-25T16:49:22Z,2026-07-31T08:59:59Z,accepted,,skipped,100,junit5,1,4,1,1,5,2026-09-14 15:51:43
Netflix/maestro,8a9aab51c6bebd1ef8a1a06b0cf87d2642921083,3832,Apache-2.0,2024-04-17T01:15:56Z,2026-09-03T00:20:59Z,rejected,无 pom.xml（Gradle-only? gradle文件数=17）,,0,,,,,,,2026-09-14 15:53:01
google/copybara,527f8b6e4e9b6d9eff4ebc903ef57e8c3d5036fb,3827,Apache-2.0,2016-09-08T16:44:40Z,2026-09-03T13:36:46Z,rejected,无 pom.xml（Gradle-only? gradle文件数=0）,,0,,,,,,,2026-09-14 15:53:06
TNG/ArchUnit,8b614c6b59d272e92634ce1bbcd430fb0006fe55,3821,Apache-2.0,2017-04-21T08:39:20Z,2026-09-03T10:46:22Z,rejected,无 pom.xml（Gradle-only? gradle文件数=55）,,0,,,,,,,2026-09-14 15:53:11
sofastack/sofa-jraft,cb1a0c7ac16ff146ad8abb04b1bcb035270bb234,3819,Apache-2.0,2019-03-04T10:13:43Z,2026-06-16T09:42:56Z,rejected,"过 cutoff 候选不足（strict=0, relaxed=0）",skipped,10,junit4,0,0,3,8,0,2026-09-14 15:53:15
blossom-editor/blossom,939357716c04b090635439741dc4564f3e6513e1,3803,MIT,2023-08-07T03:02:17Z,2026-06-27T10:24:28Z,rejected,pom 中未声明 JUnit 依赖,,12,,,,,,,2026-09-14 15:55:24
OpenHFT/Chronicle-Queue,,,,,,error,"TimeoutExpired: Command '['git', 'blame', '-L', '1399,1499', '--porcelain', '--', 'src/main/java/net/openhft/chronicle/queue/impl/single/SingleChronicleQueue.java']' timed out after 120 seconds",,,,,,,,,2026-09-14 15:57:40
jtablesaw/tablesaw,e36c3ff3c9e21026f4a04590a5319edfc27f5c84,3764,Apache-2.0,2016-01-01T14:58:28Z,2026-08-08T05:46:55Z,rejected,cutoff 2026-01-01 以来 src/main/java 零提交（主代码冻结）,,11,junit5,,,,,,2026-09-14 15:57:40
undertow-io/undertow,,,,,,error,"TimeoutExpired: Command '['git', 'blame', '-L', '139,270', '--porcelain', '--', 'core/src/main/java/io/undertow/server/protocol/http/HttpReadListener.java']' timed out after 120 seconds",,,,,,,,,2026-09-14 16:08:56
DataLinkDC/dinky,63b5a5aa2438a4c30efd1067da8aedf844951143,3755,Apache-2.0,2021-06-09T07:11:26Z,2026-08-25T01:50:27Z,rejected,"过 cutoff 候选不足（strict=1, relaxed=0）",skipped,85,junit4+junit5+vintage,1,0,3,4,1,2026-09-14 16:08:56
FasterXML/jackson-databind,,,,,,error,"TimeoutExpired: Command '['git', 'blame', '-L', '577,728', '--porcelain', '--', 'src/main/java/tools/jackson/databind/deser/BeanDeserializerFactory.java']' timed out after 120 seconds",,,,,,,,,2026-09-14 16:15:18
lihangleo2/ShadowLayout,11029a20c50a714a4b21462db5779d0549455392,3738,MIT,2019-07-09T07:17:06Z,2026-02-10T06:55:53Z,rejected,无 pom.xml（Gradle-only? gradle文件数=4）,,0,,,,,,,2026-09-14 16:15:18
springdoc/springdoc-openapi,354c98cbab303131573c47a4aa39ded8c579dbb3,3737,Apache-2.0,2019-07-11T23:08:20Z,2026-08-21T09:56:03Z,rejected,pom 中未声明 JUnit 依赖,,25,,,,,,,2026-09-14 16:15:23
nageoffer/12306,daf3a2714c00ff263764d23ab10c2eaed2ae842d,3717,Apache-2.0,2023-05-30T04:08:28Z,2026-03-12T14:46:36Z,rejected,pom 中未声明 JUnit 依赖,,24,,,,,,,2026-09-14 16:15:30
grpc-ecosystem/grpc-spring,b83afe68cef63edc7dfeec694bc279956bbc8c3d,3709,Apache-2.0,2016-12-30T09:06:15Z,2026-09-01T19:50:31Z,rejected,无 pom.xml（Gradle-only? gradle文件数=18）,,0,,,,,,,2026-09-14 16:15:34
spring-io/initializr,04ac7e0ceac04272b615bf18d34c38680641b726,3703,Apache-2.0,2013-06-07T16:02:22Z,2026-09-01T14:11:54Z,rejected,"过 cutoff 候选不足（strict=0, relaxed=0）",skipped,12,junit5,0,0,0,0,0,2026-09-14 16:15:37
niumoo/bing-wallpaper,4d54ac19f5fd834a0ce2aa38c810af30a54cba99,3701,Apache-2.0,2021-02-08T08:40:53Z,2026-09-03T07:21:58Z,rejected,pom 中未声明 JUnit 依赖,,1,,,,,,,2026-09-14 16:15:45
modelcontextprotocol/java-sdk,4186ca13d1fe5ecca9b891c35e95863df6762d9f,3682,MIT,2025-01-20T17:52:58Z,2026-09-01T20:11:08Z,rejected,"过 cutoff 候选不足（strict=2, relaxed=0）",skipped,11,junit5,2,0,0,0,2,2026-09-14 16:15:52
networknt/light-4j,95824454a99f571323cd3ce4a5682703dc09cd14,3672,Apache-2.0,2016-09-09T22:28:14Z,2026-08-30T19:36:42Z,accepted,,skipped,96,junit5,5,5,1,6,5,2026-09-14 16:17:03
bethington/ghidra-mcp,5ed89be7c38f571d6a60ad76ed6a8012b0f58fce,3669,Apache-2.0,2025-08-30T06:40:03Z,2026-09-01T05:45:37Z,accepted,,skipped,1,junit4,19,35,0,0,19,2026-09-14 16:21:30
spockframework/spock,37e5e9a663ac6bc1ed1f72ac8374a81b879c66b0,3629,Apache-2.0,2010-12-12T19:02:34Z,2026-09-03T09:50:02Z,rejected,无 pom.xml（Gradle-only? gradle文件数=26）,,0,,,,,,,2026-09-14 16:25:40
dtinit/data-transfer-project,4d0fb20e4d35efdb7b74c00a0d1cc751594c8eb6,3621,Apache-2.0,2018-01-04T21:27:57Z,2026-09-01T00:52:34Z,rejected,无 pom.xml（Gradle-only? gradle文件数=70）,,0,,,,,,,2026-09-14 16:25:44
AxonIQ/AxonFramework,,,,,,error,"TimeoutExpired: Command '['git', 'blame', '-L', '766,927', '--porcelain', '--', 'messaging/src/main/java/org/axonframework/messaging/eventhandling/processing/streaming/pooled/Coordinator.java']' timed out after 120 seconds",,,,,,,,,2026-09-14 16:29:56
Athou/commafeed,afa836c6df07183a67960e96b345be8b0435134f,3610,Apache-2.0,2013-03-20T19:32:09Z,2026-09-03T13:57:24Z,rejected,pom 中未声明 JUnit 依赖,,3,,,,,,,2026-09-14 16:29:56
vert-x3/vertx-examples,ed0f60e305220eadd1f04b9ad46c52b402bb38ca,3579,Apache-2.0,2015-02-24T17:42:44Z,2026-08-25T12:45:32Z,rejected,"过 cutoff 候选不足（strict=0, relaxed=0）",skipped,41,junit4+junit5,0,0,0,0,0,2026-09-14 16:30:07
immutables/immutables,af0cad7169e83042c81c3778223eb0c4e2b72cd7,3573,Apache-2.0,2013-07-07T13:48:23Z,2026-07-31T22:02:56Z,rejected,cutoff 2026-01-01 以来 src/main/java 零提交（主代码冻结）,,34,junit4+junit5+vintage,,,,,,2026-09-14 16:30:15
LinShunKang/MyPerf4J,9846842704821d26ce1f44fd5896b654ae4d326f,3563,BSD-3-Clause,2018-03-11T09:58:44Z,2026-07-31T07:09:20Z,rejected,"过 cutoff 候选不足（strict=0, relaxed=0）",skipped,5,junit4,0,0,0,0,0,2026-09-14 16:30:20
spring-cloud/spring-cloud-kubernetes,fab16faa09d8bcbe1d3dad4037ebba9f4105b45d,3535,Apache-2.0,2016-12-13T21:36:25Z,2026-09-01T20:37:51Z,rejected,"过 cutoff 候选不足（strict=0, relaxed=0）",skipped,50,junit5,0,0,0,0,0,2026-09-14 16:30:24
unitycatalog/unitycatalog,4e8e52e03df61e0c507141e7eada8f98c73093a5,3507,Apache-2.0,2024-06-13T14:39:25Z,2026-09-02T07:47:18Z,rejected,无 pom.xml（Gradle-only? gradle文件数=0）,,0,,,,,,,2026-09-14 16:30:44
aeron-io/simple-binary-encoding,89bb53644fad489f145b68b0435fefbb2a8652e1,3502,Apache-2.0,2013-09-03T09:13:34Z,2026-08-31T08:26:10Z,rejected,无 pom.xml（Gradle-only? gradle文件数=4）,,0,,,,,,,2026-09-14 16:31:03
WinterChenS/my-site,a008f8036f091ce57cb8bcde97a1367f83a4817b,3492,Apache-2.0,2018-05-03T09:05:37Z,2026-05-17T06:02:19Z,rejected,pom 中未声明 JUnit 依赖,,1,,,,,,,2026-09-14 16:31:19
ittianyu/BottomNavigationViewEx,752bf21e8843983e72034f2bf3d0cee90a6c446c,3468,MIT,2016-11-12T08:39:38Z,2026-04-24T11:56:24Z,rejected,无 pom.xml（Gradle-only? gradle文件数=4）,,0,,,,,,,2026-09-14 16:31:27
apache/maven-mvnd,9e8a47bccc6c08bb1a2ea2668ed622180869a7aa,3455,Apache-2.0,2019-09-21T17:49:30Z,2026-09-03T11:43:10Z,rejected,"过 cutoff 候选不足（strict=0, relaxed=1）",skipped,79,junit5,0,1,0,1,1,2026-09-14 16:31:30
dotintent/react-native-ble-plx,92a496d60f81642d2f45cecfc44f47a62904a86d,3432,Apache-2.0,2016-07-27T10:57:27Z,2026-03-09T20:25:54Z,rejected,无 pom.xml（Gradle-only? gradle文件数=7）,,0,,,,,,,2026-09-14 16:32:05
google/volley,a4627fcc795fcc661aa0033a6cc135ec9c66ee81,3419,Apache-2.0,2017-01-24T17:39:33Z,2026-08-27T18:20:25Z,rejected,无 pom.xml（Gradle-only? gradle文件数=6）,,0,,,,,,,2026-09-14 16:32:08
apache/linkis,bad400a77b9502a68ec229ce6a5aedab6f039b28,3410,Apache-2.0,2019-07-23T06:41:51Z,2026-09-03T06:25:04Z,accepted,,skipped,106,junit4+junit5+vintage,3,2,9,12,5,2026-09-14 16:32:11
apache/paimon,,,,,,error,"TimeoutExpired: Command '['git', 'blame', '-L', '965,1322', '--porcelain', '--', 'paimon-core/src/main/java/org/apache/paimon/operation/FileStoreCommitImpl.java']' timed out after 120 seconds",,,,,,,,,2026-09-14 16:46:19
wix/react-native-notifications,aa5a0f3acf31f6f09b8785defc3805c1af1296db,3341,MIT,2016-04-06T13:17:44Z,2026-04-02T10:25:31Z,rejected,无 pom.xml（Gradle-only? gradle文件数=6）,,0,,,,,,,2026-09-14 16:46:19
prometheus/jmx_exporter,e5da71a93a598ebf650f8655743c0e863688e9ef,3322,Apache-2.0,2014-02-25T10:55:39Z,2026-09-03T03:07:41Z,rejected,"过 cutoff 候选不足（strict=1, relaxed=0）",skipped,9,junit5,1,0,0,0,1,2026-09-14 16:46:29
apache/avro,,,,,,error,"TimeoutExpired: Command '['git', 'blame', '-L', '2087,2141', '--porcelain', '--', 'lang/java/avro/src/main/java/org/apache/avro/Schema.java']' timed out after 120 seconds",,,,,,,,,2026-09-14 16:50:51
PlayEdu/PlayEdu,da45a8355da31f80611a08456afbc8f397f926c5,3284,Apache-2.0,2023-02-23T01:34:06Z,2026-05-19T22:57:20Z,rejected,pom 中未声明 JUnit 依赖,,6,,,,,,,2026-09-14 16:50:51
spring-projects/spring-data-jpa,34e781ad209eb2ad062e33e3ede604c4f42f7088,3276,Apache-2.0,2010-11-11T21:36:56Z,2026-08-21T09:05:07Z,rejected,pom 中未声明 JUnit 依赖,,4,,,,,,,2026-09-14 16:50:55
jfinal/jfinal,d791f2c0426a23e8a79c80e747e483156497e1dd,3269,Apache-2.0,2012-04-25T08:48:48Z,2026-08-22T10:18:26Z,rejected,"过 cutoff 候选不足（strict=0, relaxed=0）",skipped,1,junit4,0,0,2,8,0,2026-09-14 16:51:03
lakesoul-io/LakeSoul,f4db91e851c705bb87a521e9101f6d08be5a6e33,3249,Apache-2.0,2021-12-28T08:53:11Z,2026-09-03T10:44:19Z,accepted,,skipped,7,junit4,5,8,0,0,5,2026-09-14 16:51:51
aeron-io/agrona,6a57dd3df11c4ca1d73ebb791218b2499ff8d6b0,3246,Apache-2.0,2014-11-03T20:14:21Z,2026-09-03T01:13:32Z,rejected,无 pom.xml（Gradle-only? gradle文件数=4）,,0,,,,,,,2026-09-14 16:54:39
openid/AppAuth-Android,e5f51842fd1d3c7e49d9b6642e346f43f495dac8,3239,Apache-2.0,2016-02-19T15:09:43Z,2026-03-22T20:54:07Z,rejected,无 pom.xml（Gradle-only? gradle文件数=10）,,0,,,,,,,2026-09-14 16:54:44
docker-java/docker-java,002b6eb7aa2b892be729c7c2a5e95f782924db38,3203,Apache-2.0,2014-06-02T18:47:31Z,2026-08-24T13:23:07Z,rejected,"过 cutoff 候选不足（strict=0, relaxed=0）",skipped,12,junit4+junit5,0,0,0,1,0,2026-09-14 16:54:47
apache/gravitino,0ed1108198ad1b5ba9ecdbe533dc5d5c4ef90f9a,3195,Apache-2.0,2023-04-23T02:09:00Z,2026-09-03T13:54:24Z,rejected,无 pom.xml（Gradle-only? gradle文件数=104）,,0,,,,,,,2026-09-14 16:55:16
yangzongzhuan/RuoYi-Vue,13db1fcef36bee9ce45d2d636a1d4e8f5ed5bbc3,3195,MIT,2019-11-07T02:18:40Z,2026-08-26T00:15:03Z,rejected,pom 中未声明 JUnit 依赖,,7,,,,,,,2026-09-14 16:55:37
apache/curator,88dee99a85921bd0f20955e1d7efbaf896fc17f3,3172,Apache-2.0,2014-03-03T08:00:07Z,2026-07-24T14:18:59Z,rejected,"过 cutoff 候选不足（strict=0, relaxed=0）",skipped,13,junit4+junit5,0,0,0,2,0,2026-09-14 16:55:42
qaiu/netdisk-fast-download,422d5b845b76986c36faa9d36f5fbead34cc2df0,3172,MIT,2023-04-20T09:41:34Z,2026-08-17T17:22:52Z,accepted,,skipped,5,junit4,4,3,0,1,5,2026-09-14 16:56:06
apache/hugegraph,60c8803d5a85943eaa05e74eb37fe7d57b2256a0,3168,Apache-2.0,2018-07-18T03:30:20Z,2026-09-03T12:50:24Z,rejected,"过 cutoff 候选不足（strict=2, relaxed=2）",skipped,38,junit4,2,2,6,14,4,2026-09-14 16:57:05
itwanger/paicoding,6b85f5c327de47b8f704a18bf15e95e24e0cc052,3166,Apache-2.0,2022-07-06T12:43:21Z,2026-09-01T09:19:17Z,rejected,"过 cutoff 候选不足（strict=1, relaxed=3）",skipped,6,junit4,1,3,0,0,4,2026-09-14 16:59:25
FabricMC/fabric-api,542047fffa4f49d96d4863d2c7abf0b508554f70,3165,Apache-2.0,2018-11-04T09:02:05Z,2026-09-01T16:39:56Z,rejected,无 pom.xml（Gradle-only? gradle文件数=69）,,0,,,,,,,2026-09-14 17:00:23
egzosn/pay-java-parent,5c3c1f153b8aad526ac7d881703bed1eb9ce9014,3137,Apache-2.0,2016-05-18T12:52:36Z,2026-05-19T08:52:17Z,rejected,pom 中未声明 JUnit 依赖,,13,,,,,,,2026-09-14 17:00:34
infinilabs/analysis-pinyin,ed7fd0be48da42374a28badbe7a735ed67ce2787,3098,Apache-2.0,2012-05-22T10:45:42Z,2026-05-11T02:52:10Z,rejected,"过 cutoff 候选不足（strict=1, relaxed=0）",skipped,4,junit4,1,0,0,1,1,2026-09-14 17:00:38
apache/parquet-java,,,,,,error,"TimeoutExpired: Command '['git', 'blame', '-L', '1879,2015', '--porcelain', '--', 'parquet-hadoop/src/main/java/org/apache/parquet/format/converter/ParquetMetadataConverter.java']' timed out after 120 seconds",,,,,,,,,2026-09-14 17:05:05
halirutan/IntelliJ-Key-Promoter-X,3d2c7b0dee27d1f4c425c7c74de4c4e546c84ffc,3067,BSD-3-Clause,2017-07-28T22:09:25Z,2026-07-05T23:53:11Z,rejected,无 pom.xml（Gradle-only? gradle文件数=2）,,0,,,,,,,2026-09-14 17:05:06
WindySha/Xpatch,c86447ef5804bca6b364401185d868e7b9a88b95,3060,Apache-2.0,2019-03-03T09:00:43Z,2026-01-04T21:04:50Z,rejected,无 pom.xml（Gradle-only? gradle文件数=4）,,0,,,,,,,2026-09-14 17:05:09
cruise-control-for-kafka/cruise-control,97d6b1b00de4f3bb95b5086a2cb9cf60a1369b3f,3044,Apache-2.0,2017-08-15T17:32:10Z,2026-09-03T12:52:32Z,rejected,无 pom.xml（Gradle-only? gradle文件数=4）,,0,,,,,,,2026-09-14 17:05:14
komoot/photon,82538833908a2c474674cf59453cafaec21de0d5,3024,Apache-2.0,2013-08-20T16:06:16Z,2026-08-18T15:45:42Z,rejected,无 pom.xml（Gradle-only? gradle文件数=2）,,0,,,,,,,2026-09-14 17:05:26
Jzvd/JZVideo,fb45f5aec325f2cfab7747fd32cae0d648e26712,3011,MIT,2019-12-05T15:59:47Z,2026-03-26T03:17:31Z,rejected,无 pom.xml（Gradle-only? gradle文件数=4）,,0,,,,,,,2026-09-14 17:05:32
classgraph/classgraph,,,,,,error,"TimeoutExpired: Command '['git', 'blame', '-L', '655,726', '--porcelain', '--', 'classgraph-classpath/src/main/java/io/github/classgraph/classpath/internal/ClasspathOrderBuilder.java']' timed out after 120 seconds",,,,,,,,,2026-09-14 17:09:07
apache/commons-lang,,,,,,error,"TimeoutExpired: Command '['git', 'blame', '-L', '326,391', '--porcelain', '--', 'src/main/java/org/apache/commons/lang3/CharSequenceUtils.java']' timed out after 120 seconds",,,,,,,,,2026-09-14 17:11:40
OpenHFT/Chronicle-Map,aff75d74bf8656905eea1ae53a99b42c40febc18,2988,Apache-2.0,2014-07-18T15:33:57Z,2026-08-22T11:00:33Z,rejected,"过 cutoff 候选不足（strict=0, relaxed=0）",skipped,2,junit5+vintage,0,0,0,0,0,2026-09-14 17:11:40
thymeleaf/thymeleaf,,,,,,error,"TimeoutExpired: Command '['git', 'blame', '-L', '822,1220', '--porcelain', '--', 'lib/thymeleaf/src/main/java/org/thymeleaf/engine/ProcessorTemplateHandler.java']' timed out after 120 seconds",,,,,,,,,2026-09-14 17:17:29
spring-projects/spring-data-elasticsearch,e27c3b2b19baebb7d6ea92248d7b7d72c3c48ecb,2962,Apache-2.0,2013-04-29T14:27:38Z,2026-08-31T05:59:44Z,rejected,pom 中未声明 JUnit 依赖,,1,,,,,,,2026-09-14 17:17:29
scottyab/rootbeer,de7bc7b4b09c9db148b62b331b4a44076b2eb480,2942,Apache-2.0,2015-06-19T09:01:55Z,2026-03-17T21:24:08Z,rejected,无 pom.xml（Gradle-only? gradle文件数=4）,,0,,,,,,,2026-09-14 17:17:35
mybatis/spring,9f11b5a4961a0ea3128fe7a50e4c29525157d1b1,2939,Apache-2.0,2013-02-17T07:01:55Z,2026-09-02T23:29:39Z,rejected,"过 cutoff 候选不足（strict=0, relaxed=0）",skipped,1,junit4+junit5,0,0,0,0,0,2026-09-14 17:17:39
AltBeacon/android-beacon-library,aca69f9bc7f3526032e6e5fcc3593a3259c7d2d4,2911,Apache-2.0,2014-07-28T13:11:19Z,2026-01-16T23:33:24Z,rejected,无 pom.xml（Gradle-only? gradle文件数=6）,,0,,,,,,,2026-09-14 17:17:42
starcwang/easy_javadoc,8dd676e0ece487710835bfc4e987fa5d794c574a,2911,Apache-2.0,2019-08-24T05:30:38Z,2026-08-06T09:32:50Z,rejected,无 pom.xml（Gradle-only? gradle文件数=2）,,0,,,,,,,2026-09-14 17:17:48
jenkinsci/blueocean-plugin,e66dee5a419e64ebfe7083febec48c64fbe859ef,2879,MIT,2016-01-23T18:02:45Z,2026-08-05T08:56:42Z,rejected,"过 cutoff 候选不足（strict=0, relaxed=0）",skipped,28,junit4,0,0,1,5,0,2026-09-14 17:17:52
assertj/assertj,103ae2728ef8636ade227bf157483aa3fedfee3b,2843,Apache-2.0,2013-03-14T16:18:49Z,2026-09-03T03:26:44Z,rejected,"过 cutoff 候选不足（strict=0, relaxed=0）",skipped,15,junit5,0,0,0,1,0,2026-09-14 17:19:15
cucumber/cucumber-jvm,0c59737eef646f8ce30d26ae6f3e40fb575342ba,2834,MIT,2011-06-27T19:49:46Z,2026-09-03T08:48:59Z,rejected,"过 cutoff 候选不足（strict=0, relaxed=1）",skipped,24,junit4+junit5+vintage,0,1,0,0,1,2026-09-14 17:20:04
drewnoakes/metadata-extractor,6f037943c0811799a59b0ea19896cb2b07da17be,2828,Apache-2.0,2014-11-19T00:13:55Z,2026-07-28T04:25:06Z,rejected,cutoff 2026-01-01 以来 src/main/java 零提交（主代码冻结）,,1,junit4,,,,,,2026-09-14 17:20:39
BlueMap-Minecraft/BlueMap,da90764d6bbe03b89af0641a8678222feb2c7d15,2796,MIT,2019-11-02T16:25:07Z,2026-08-20T20:14:43Z,rejected,无 pom.xml（Gradle-only? gradle文件数=20）,,0,,,,,,,2026-09-14 17:20:43
jenkinsci/configuration-as-code-plugin,73686e9ef7e8e401ca4874623f5c7a71c667fd92,2795,MIT,2017-10-20T12:43:10Z,2026-08-31T01:16:12Z,rejected,pom 中未声明 JUnit 依赖,,4,,,,,,,2026-09-14 17:20:47
bucket4j/bucket4j,d5295ab9dbcbe94f30f0456b3425986190723d18,2794,Apache-2.0,2014-10-12T14:19:18Z,2026-08-28T22:45:18Z,rejected,"过 cutoff 候选不足（strict=0, relaxed=0）",skipped,38,junit5,0,0,0,0,0,2026-09-14 17:20:50
google/truth,6ec62f9a2c341774929a0a6003e720c8ee178ff1,2788,Apache-2.0,2011-06-22T18:55:12Z,2026-09-01T18:27:31Z,rejected,"过 cutoff 候选不足（strict=0, relaxed=0）",skipped,7,junit4,0,0,0,1,0,2026-09-14 17:20:56
reactor/reactor-netty,89ccfe8798d7346a2e3fe59756d2db2d2456f8ef,2777,Apache-2.0,2016-08-18T20:58:56Z,2026-09-02T06:59:10Z,rejected,无 pom.xml（Gradle-only? gradle文件数=17）,,0,,,,,,,2026-09-14 17:21:11
widdix/aws-cf-templates,1a9f04f934179975a3a56c2496d2ed2b27598bd8,2777,Apache-2.0,2015-10-28T07:47:59Z,2026-03-04T07:23:08Z,rejected,cutoff 2026-01-01 以来 src/main/java 零提交（主代码冻结）,,1,junit4,,,,,,2026-09-14 17:21:16
opensolon/solon,,,,,,error,"TimeoutExpired: Command '['git', 'blame', '-L', '423,543', '--porcelain', '--', 'solon/src/main/java/org/noear/solon/core/AppContext.java']' timed out after 120 seconds",,,,,,,,,2026-09-14 17:26:55
pf4j/pf4j,a65ebf47745f8d4829a7fd97d9a27472e8a92736,2750,Apache-2.0,2012-10-10T13:10:32Z,2026-09-02T22:45:13Z,rejected,"过 cutoff 候选不足（strict=0, relaxed=0）",skipped,14,junit4+junit5,0,0,0,0,0,2026-09-14 17:26:55
zinja-coder/jadx-ai-mcp,d2dd72e6c0d84735b78773067075dac8cea651c1,2746,Apache-2.0,2025-04-07T17:28:54Z,2026-08-30T07:48:06Z,rejected,pom 中未声明 JUnit 依赖,,1,,,,,,,2026-09-14 17:26:58
Kong/unirest-java,3d30ce8de0779a349582dffb46b8285d86d77787,2704,MIT,2011-04-11T21:19:53Z,2026-07-28T21:04:17Z,rejected,"过 cutoff 候选不足（strict=0, relaxed=0）",skipped,9,junit5,0,0,0,0,0,2026-09-14 17:27:02
bonigarcia/webdrivermanager,4a68f485eb0c3c332ef3d50a5b01e00dc631f55d,2687,Apache-2.0,2015-03-15T19:52:36Z,2026-09-03T06:02:42Z,rejected,"过 cutoff 候选不足（strict=0, relaxed=0）",skipped,1,junit5,0,0,0,0,0,2026-09-14 17:27:08
leibnitz27/cfr,c4145259dfcd8ad3e99004e4d9ecb0aed55dcc5a,2684,MIT,2014-05-12T16:39:42Z,2026-06-04T04:54:33Z,rejected,cutoff 2026-01-01 以来 src/main/java 零提交（主代码冻结）,,1,junit5,,,,,,2026-09-14 17:27:12
spring-io/start.spring.io,38f480cfb6577f04e61e0ef0eae8b8e454f7bcdc,2679,Apache-2.0,2018-11-07T08:32:23Z,2026-09-02T06:41:16Z,rejected,"过 cutoff 候选不足（strict=0, relaxed=0）",skipped,5,junit5+vintage,0,0,0,0,0,2026-09-14 17:27:15
vladmihalcea/hypersistence-utils,b284a790fc57ddb67d60f71d400bd7b4bb3738d9,2670,Apache-2.0,2017-09-25T05:10:02Z,2026-08-19T14:06:42Z,rejected,"过 cutoff 候选不足（strict=0, relaxed=4）",skipped,4,junit4,0,4,0,0,4,2026-09-14 17:27:24
OpenHFT/Chronicle-Queue,d1cc3c87a04539ee1d3aedb7696f39bc2261f68e,3802,Apache-2.0,2013-06-02T15:11:33Z,2026-09-03T13:58:02Z,rejected,"过 cutoff 候选不足（strict=0, relaxed=0）",skipped,1,junit5+vintage,0,0,0,1,0,2026-09-14 17:27:36
undertow-io/undertow,1429259a62a37156c8c351c8a3644d8de9695bfe,3759,Apache-2.0,2012-07-19T00:52:44Z,2026-09-03T11:19:46Z,accepted,,skipped,9,junit4,6,2,9,26,6,2026-09-14 17:34:00
FasterXML/jackson-databind,0bd709c35c303620ad0cdbe2bcf6b51b733b96f9,3746,Apache-2.0,2011-12-23T07:17:41Z,2026-09-03T03:20:10Z,accepted,,skipped,1,junit5,6,35,0,17,6,2026-09-14 18:37:58
AxonIQ/AxonFramework,75e37e93163e9231a7d4c12f663c794b50859c02,3617,Apache-2.0,2011-12-02T16:04:42Z,2026-09-03T13:48:02Z,rejected,"过 cutoff 候选不足（strict=1, relaxed=0）",skipped,49,junit5,1,0,0,0,1,2026-09-14 18:55:58
apache/paimon,0da661506aefb3b038a8493613c3ddc28dec012c,3388,Apache-2.0,2022-01-12T03:13:15Z,2026-09-03T13:05:30Z,accepted,,skipped,85,junit4+junit5+vintage,15,27,3,13,15,2026-09-14 19:00:34
apache/avro,d02512a5d7cc75c552ec1a7fcd50ed01b960911c,3303,Apache-2.0,2009-05-21T02:48:37Z,2026-08-30T17:36:18Z,rejected,"过 cutoff 候选不足（strict=1, relaxed=0）",skipped,36,junit4+junit5+vintage,1,0,1,11,1,2026-09-14 19:25:37
apache/parquet-java,21baba5fbe52f15d99ac293b41b9d7bd0ae6cd9a,3078,Apache-2.0,2014-06-10T07:00:07Z,2026-09-03T09:14:26Z,rejected,"过 cutoff 候选不足（strict=1, relaxed=1）",skipped,18,junit4+junit5+vintage,1,1,1,6,2,2026-09-14 19:36:12
classgraph/classgraph,1ad39ea635676c9478936d7d9cddd012c331660e,3007,MIT,2014-08-17T20:46:57Z,2026-09-03T07:57:36Z,rejected,"过 cutoff 候选不足（strict=0, relaxed=2）",skipped,7,junit5,0,2,0,0,2,2026-09-14 19:41:51
apache/commons-lang,45f08d9e3b03177e12559878fc95cf3266b65052,2999,Apache-2.0,2009-05-21T01:24:46Z,2026-09-03T02:08:21Z,rejected,"过 cutoff 候选不足（strict=0, relaxed=4）",skipped,1,junit5,0,4,1,0,4,2026-09-14 19:44:34
thymeleaf/thymeleaf,7448e91e73ac44666a7f8f74a5051a308b77122b,2981,Apache-2.0,2012-05-20T15:11:32Z,2026-06-22T22:09:16Z,rejected,"过 cutoff 候选不足（strict=1, relaxed=3）",skipped,51,junit5,1,3,5,13,4,2026-09-14 19:49:14
opensolon/solon,f465f0bda9b0fe801fcd490b7eb05ca993815507,2776,Apache-2.0,2018-07-07T13:23:50Z,2026-09-02T01:09:07Z,accepted,,skipped,150,junit4+junit5,1,4,1,7,5,2026-09-14 19:57:37
mybatis-flex/mybatis-flex,b5735297756233f7167656920ca6858e25590d0f,2664,Apache-2.0,2023-02-27T03:14:05Z,2026-09-01T03:22:45Z,rejected,"过 cutoff 候选不足（strict=1, relaxed=0）",skipped,20,junit4+junit5,1,0,1,5,1,2026-09-14 20:07:43
hierynomus/sshj,35e5ba165a118742e6fbed2b808f8797c52d2207,2661,Apache-2.0,2010-02-27T14:34:40Z,2026-07-10T07:01:09Z,rejected,pom 中未声明 JUnit 依赖,,1,,,,,,,2026-09-14 20:09:37
OpenLineage/OpenLineage,5cd8884b46a3957ab07e463a959692eaed33e949,2643,Apache-2.0,2020-10-24T21:45:05Z,2026-09-03T10:44:33Z,rejected,无 pom.xml（Gradle-only? gradle文件数=52）,,0,,,,,,,2026-09-14 20:09:40
dromara/RuoYi-Vue-Plus,4d1448b4b46453aff9f2521e2b9b8f44fe0db624,2623,MIT,2021-06-23T06:32:20Z,2026-08-31T09:23:38Z,rejected,pom 中未声明 JUnit 依赖,,40,,,,,,,2026-09-14 20:10:09
dlew/joda-time-android,db66ef8346a96e85ef1ca93ef159990566a99dd4,2613,Apache-2.0,2014-01-08T19:11:09Z,2026-07-20T19:17:23Z,rejected,无 pom.xml（Gradle-only? gradle文件数=6）,,0,,,,,,,2026-09-14 20:10:31
spring-ai-alibaba/DataAgent,3fb7852f71b2f6bfda3de392f79207df7294199f,2601,Apache-2.0,2025-09-12T09:29:55Z,2026-08-24T05:45:32Z,rejected,"过 cutoff 候选不足（strict=0, relaxed=1）",skipped,2,junit5,0,1,0,0,1,2026-09-14 20:10:34
apache/logging-flume,c90b93ec14b65ba146034a184b657065717fbf29,2570,Apache-2.0,2011-08-12T18:20:14Z,2026-09-02T17:38:32Z,accepted,,skipped,28,junit4+junit5+vintage,2,3,0,0,5,2026-09-14 20:10:45
http-kit/http-kit,7f8c70159ca1e239957d74baac8731582e269c77,2565,Apache-2.0,2012-03-13T00:51:18Z,2026-08-21T04:09:35Z,rejected,无 pom.xml（Gradle-only? gradle文件数=0）,,0,,,,,,,2026-09-14 20:12:50
katzer/cordova-plugin-local-notifications,f75ada4c9f4018be170bb8553a4ea04e9ed51f23,2564,Apache-2.0,2013-08-10T11:25:59Z,2026-08-29T06:06:41Z,rejected,无 pom.xml（Gradle-only? gradle文件数=1）,,0,,,,,,,2026-09-14 20:12:55
google/jimfs,e2a30aaf928cd351a425b34598d7ae8717e899e6,2559,Apache-2.0,2013-10-21T14:39:27Z,2026-09-01T17:22:34Z,rejected,"过 cutoff 候选不足（strict=0, relaxed=0）",skipped,2,junit4,0,0,0,0,0,2026-09-14 20:13:01
nutzam/nutz,9a93a8342f22918933b0caea3940a8465caa4053,2542,Apache-2.0,2011-06-10T01:25:43Z,2026-08-04T03:17:39Z,rejected,cutoff 2026-01-01 以来 src/main/java 零提交（主代码冻结）,,2,junit4,,,,,,2026-09-14 20:13:05
logfellow/logstash-logback-encoder,5ea5ec1badd5d8e3cf35219d8f155b95f398b287,2527,Apache-2.0,2013-03-04T16:19:08Z,2026-07-15T22:35:54Z,rejected,cutoff 2026-01-01 以来 src/main/java 零提交（主代码冻结）,,1,junit5,,,,,,2026-09-14 20:13:11
qos-ch/slf4j,53082707891f4cca840f46ca277a4e6495f06804,2522,MIT,2009-08-20T16:25:49Z,2026-09-03T08:14:34Z,rejected,"过 cutoff 候选不足（strict=0, relaxed=0）",skipped,20,junit4,0,0,0,0,0,2026-09-14 20:13:14
pac4j/pac4j,bf3956d09b788692ae0176a6a1ae5bc03c1a97fb,2522,Apache-2.0,2012-01-28T17:04:12Z,2026-09-03T13:14:56Z,accepted,,skipped,17,junit5,2,5,0,1,5,2026-09-14 20:13:18
sofastack/sofa-bolt,2a83ee9152500665cae23ec8f1c7adb9373ddbee,2506,Apache-2.0,2018-04-09T03:29:36Z,2026-08-26T10:11:30Z,rejected,"过 cutoff 候选不足（strict=2, relaxed=0）",skipped,1,junit4,2,0,0,2,2,2026-09-14 20:20:08
googlemaps-samples/android-samples,5ed9e9898d7d67a438741cd5610e9e2517f87b58,2505,Apache-2.0,2015-04-22T02:35:21Z,2026-09-03T13:55:19Z,rejected,无 pom.xml（Gradle-only? gradle文件数=32）,,0,,,,,,,2026-09-14 20:20:44
spring-projects/spring-kafka,727690377d6d3659352e458bdf7a07f2a99d8ff1,2500,Apache-2.0,2016-03-02T17:01:33Z,2026-08-31T23:58:49Z,rejected,pom 中未声明 JUnit 依赖,,6,,,,,,,2026-09-14 20:20:48
Netflix/archaius,f40de16d1c74ffd0efbd12b14342e78969a3d5bf,2496,Apache-2.0,2012-05-11T00:07:05Z,2026-07-29T21:37:46Z,rejected,无 pom.xml（Gradle-only? gradle文件数=10）,,0,,,,,,,2026-09-14 20:21:01
atomashpolskiy/bt,579bb85fef7827d82e51db5d24b1019d7a7afba2,2470,Apache-2.0,2016-05-15T19:56:23Z,2026-02-21T22:44:33Z,rejected,"过 cutoff 候选不足（strict=0, relaxed=0）",skipped,12,junit4,0,0,1,1,0,2026-09-14 20:21:06
apache/activemq,b346110ea2d67f846dfa671cefd0ac6610eca203,2455,Apache-2.0,2009-05-21T01:33:45Z,2026-09-03T13:14:23Z,accepted,,skipped,58,junit4,1,11,13,19,5,2026-09-14 20:22:12
moquette-io/moquette,67451eba97e7788b9ca58e516ed88435ab603022,2454,Apache-2.0,2014-09-30T20:14:41Z,2026-08-31T12:36:09Z,rejected,"过 cutoff 候选不足（strict=1, relaxed=0）",skipped,5,junit5,1,0,0,0,1,2026-09-14 21:14:31
open-telemetry/opentelemetry-java,77b1ac4141b85759e5eee73bd06cc7091036b8af,2451,Apache-2.0,2019-02-26T16:43:36Z,2026-09-03T02:35:09Z,rejected,无 pom.xml（Gradle-only? gradle文件数=71）,,0,,,,,,,2026-09-14 21:15:40
huanzi-qch/base-admin,52816b760cd53244989fd664bbb2b3d4edbfdbf1,2447,MIT,2019-09-17T07:46:16Z,2026-06-30T06:56:32Z,rejected,pom 中未声明 JUnit 依赖,,1,,,,,,,2026-09-14 21:15:47
techa03/goodsKill,e77c98571a4785657ea6cb834842308f40698e75,2429,MIT,2016-12-10T05:40:34Z,2026-07-07T23:52:35Z,rejected,"过 cutoff 候选不足（strict=0, relaxed=0）",skipped,27,junit5+vintage,0,0,0,0,0,2026-09-14 21:15:53
nordicsemi/Android-BLE-Library,4a86e6c6b2631a29d7de6c5789b11326733f1503,2408,BSD-3-Clause,2017-12-18T14:17:43Z,2026-07-10T08:05:18Z,rejected,无 pom.xml（Gradle-only? gradle文件数=13）,,0,,,,,,,2026-09-14 21:16:09
openzipkin/brave,d224d38e4353d9574df0fea340ec11d350e083a2,2406,Apache-2.0,2013-04-07T15:48:18Z,2026-03-25T19:20:55Z,rejected,cutoff 2026-01-01 以来 src/main/java 零提交（主代码冻结）,,58,junit4+junit5,,,,,,2026-09-14 21:16:12
PurpurMC/Purpur,3f5d9c0e80b56812c1694e014d44fabf540a4cad,2406,MIT,2019-04-30T16:59:51Z,2026-08-31T23:56:10Z,rejected,无 pom.xml（Gradle-only? gradle文件数=3）,,0,,,,,,,2026-09-14 21:16:21
apache/dubbo-samples,fcda5252cdb72a84192aff4387bd336c26b47d5b,2379,Apache-2.0,2018-04-28T09:25:29Z,2026-05-15T20:30:41Z,rejected,"过 cutoff 候选不足（strict=0, relaxed=0）",skipped,426,junit4+junit5,0,0,0,0,0,2026-09-14 21:16:27
FasterXML/jackson-core,57bd0c6552b9ee643cbc3af7457adc300a32136b,2379,Apache-2.0,2011-12-23T02:00:51Z,2026-09-01T17:16:20Z,accepted,,skipped,1,junit5,5,5,6,10,5,2026-09-14 21:16:41
baomidou/mybatis-plus-samples,ed955cc80821622786e346315a3aebf9cbdeeb73,2378,Apache-2.0,2018-07-23T02:32:11Z,2026-01-11T11:49:34Z,rejected,cutoff 2026-01-01 以来 src/main/java 零提交（主代码冻结）,,31,junit4,,,,,,2026-09-14 21:38:45
meituan/WMRouter,5b8a4e5cd7e6f2a54f4567930944a85a78474ea8,2366,Apache-2.0,2018-08-16T10:38:51Z,2026-04-02T08:13:28Z,rejected,无 pom.xml（Gradle-only? gradle文件数=17）,,0,,,,,,,2026-09-14 21:38:48
apache/incubator-seata-samples,b28057970d43df5050971713dd6143892062f32a,2357,Apache-2.0,2019-01-29T16:01:42Z,2026-07-27T02:22:00Z,rejected,pom 中未声明 JUnit 依赖,,41,,,,,,,2026-09-14 21:38:52
Vineflower/vineflower,b8273988af850e8cfb234ca08d129058502b032f,2337,Apache-2.0,2021-03-10T19:15:51Z,2026-08-18T23:15:22Z,rejected,无 pom.xml（Gradle-only? gradle文件数=7）,,0,,,,,,,2026-09-14 21:38:56
gaul/s3proxy,18dd2338fd776c19bb626893c5941c619f5369c3,2328,Apache-2.0,2014-07-27T20:32:24Z,2026-09-02T00:04:10Z,accepted,,skipped,1,junit4+junit5,6,8,0,0,6,2026-09-14 21:39:05
jenkinsci/kubernetes-plugin,753697046e23afad0551e49ba064feeda66a79d2,2310,Apache-2.0,2015-02-16T09:02:22Z,2026-08-31T20:32:52Z,accepted,,skipped,1,junit4,3,2,0,0,5,2026-09-14 21:54:06
LuckPerms/LuckPerms,a81c095f83fc0fb76d2b2f8c2f39b44b8e96bef0,2309,MIT,2016-05-22T00:49:12Z,2026-08-27T17:14:43Z,rejected,无 pom.xml（Gradle-only? gradle文件数=31）,,0,,,,,,,2026-09-14 22:05:06
a466350665/smart-sso,b87a872896d031f0aba6e8cf5367bbc90d8a0ae3,2301,MIT,2016-07-11T09:06:38Z,2026-04-07T01:27:35Z,rejected,pom 中未声明 JUnit 依赖,,10,,,,,,,2026-09-14 22:05:11
amaembo/streamex,8a04d904ff6902907254651c642dfa29c7c9a9c3,2290,Apache-2.0,2015-04-10T17:02:32Z,2026-07-19T09:43:35Z,rejected,"过 cutoff 候选不足（strict=0, relaxed=0）",skipped,2,junit4,0,0,0,1,0,2026-09-14 22:05:16
prometheus/client_java,f71915fba5e7681839d31931e3d4eaa4b9fa9851,2286,Apache-2.0,2013-02-03T22:55:49Z,2026-09-03T13:58:21Z,rejected,"过 cutoff 候选不足（strict=0, relaxed=1）",skipped,78,junit5,0,1,0,2,1,2026-09-14 22:05:43
MarquezProject/marquez,180f37b22387146187af1ef0279e3ee1d1ccd789,2270,Apache-2.0,2018-07-05T22:43:20Z,2026-09-02T17:53:50Z,rejected,无 pom.xml（Gradle-only? gradle文件数=4）,,0,,,,,,,2026-09-14 22:06:47
FormidableLabs/react-native-app-auth,6f9090ce1b991c0acc2a6f5dc8bea838deaf4f7a,2255,MIT,2017-11-13T17:59:31Z,2026-07-06T16:04:08Z,rejected,无 pom.xml（Gradle-only? gradle文件数=4）,,0,,,,,,,2026-09-14 22:07:00
vigna/fastutil,cbf3c2ec706d16c56e6896b13ef0b5361be981c8,2235,Apache-2.0,2015-05-11T16:59:13Z,2026-07-22T22:00:40Z,rejected,无 pom.xml（Gradle-only? gradle文件数=0）,,0,,,,,,,2026-09-14 22:07:07
srikanth-lingala/zip4j,717216683203a692f5384a79e89b60f40b378ff9,2228,Apache-2.0,2019-05-04T11:39:50Z,2026-03-11T10:14:04Z,rejected,"过 cutoff 候选不足（strict=0, relaxed=0）",skipped,1,junit4,0,0,0,0,0,2026-09-14 22:07:15
webbukkit/dynmap,93b454efb8802dc7406d6873434f2aeec5c636f4,2218,Apache-2.0,2010-12-27T18:47:24Z,2026-03-12T17:27:45Z,rejected,无 pom.xml（Gradle-only? gradle文件数=54）,,0,,,,,,,2026-09-14 22:07:19
Netflix/EVCache,1bfdc5eca53c9cffa5d8d58467f84d212df5167f,2216,Apache-2.0,2013-02-08T22:52:57Z,2026-08-11T21:21:29Z,rejected,无 pom.xml（Gradle-only? gradle文件数=8）,,0,,,,,,,2026-09-14 22:07:26
dromara/x-file-storage,f7baa6e933398185096a5bff5e427593247b19d7,2214,Apache-2.0,2020-12-16T06:38:58Z,2026-05-07T07:15:41Z,rejected,pom 中未声明 JUnit 依赖,,7,,,,,,,2026-09-14 22:07:30
hncboy/ai-beehive,649e75283824d92c47de157ab399a9cf20c60793,2212,Apache-2.0,2023-03-22T15:23:13Z,2026-04-13T07:14:10Z,rejected,pom 中未声明 JUnit 依赖,,11,,,,,,,2026-09-14 22:07:33
moshowgame/SpringBootCodeGenerator,09bf6d8cdd5d55f04ed3a1c7f8b64bba93957d50,2208,MIT,2018-08-31T03:51:35Z,2026-06-02T15:52:16Z,rejected,"过 cutoff 候选不足（strict=0, relaxed=0）",skipped,1,junit5+vintage,0,0,1,0,0,2026-09-14 22:07:36
ainilili/ratel,6742f86e2d19cca338edb585c34082e8cc4712b2,2203,Apache-2.0,2018-10-16T12:00:52Z,2026-01-17T13:33:07Z,rejected,cutoff 2026-01-01 以来 src/main/java 零提交（主代码冻结）,,4,junit4,,,,,,2026-09-14 22:07:56
spring-petclinic/spring-petclinic-microservices,3858f9c630cf989bb6809a86edf47c2be78dc9f1,2193,Apache-2.0,2016-11-12T14:57:30Z,2026-08-21T06:42:46Z,rejected,cutoff 2026-01-01 以来 src/main/java 零提交（主代码冻结）,,9,junit5,,,,,,2026-09-14 22:07:59
quarkusio/quarkus-quickstarts,48168aa3c21f2f4440a40115e83c59994cbac4d9,2188,Apache-2.0,2018-12-03T08:25:11Z,2026-09-03T11:10:02Z,rejected,pom 中未声明 JUnit 依赖,,124,,,,,,,2026-09-14 22:08:04
onthegomap/planetiler,4f780d9277b7e24214e5aad32481a5695d5471d2,2163,Apache-2.0,2021-10-20T01:59:38Z,2026-08-18T08:32:52Z,rejected,"过 cutoff 候选不足（strict=1, relaxed=0）",skipped,7,junit5,1,0,0,3,1,2026-09-14 22:08:15
apache/atlas,fb78b7dc41bc74e20ee6b477df39b8bafeb84ffb,2138,Apache-2.0,2017-07-22T07:00:08Z,2026-09-01T09:59:24Z,accepted,,skipped,52,junit4+junit5,3,2,2,11,5,2026-09-14 22:09:48
jdbi/jdbi,8f2ea21102e4a001722116d081a8aabfa97c0185,2137,Apache-2.0,2009-06-17T16:36:36Z,2026-09-01T20:51:27Z,rejected,"过 cutoff 候选不足（strict=0, relaxed=0）",skipped,48,junit4+junit5+vintage,0,0,0,1,0,2026-09-14 22:24:48
apache/fluss,1a032bf2940cffc622f9cf56acbc8096964e3ad6,2133,Apache-2.0,2024-10-31T06:36:35Z,2026-09-03T11:20:05Z,accepted,,skipped,48,junit5,5,7,0,5,5,2026-09-14 22:25:54
jonashackt/spring-boot-vuejs,86d9f5b542b8394ca18d29cc1f192b7a342c4a8b,2124,MIT,2017-09-11T09:42:52Z,2026-08-29T12:18:06Z,rejected,pom 中未声明 JUnit 依赖,,3,,,,,,,2026-09-14 22:33:09
ModelEngine-Group/fit-framework,e2f285d1cf2f4d53330b2796bc56ecce6dc63544,2116,MIT,2025-02-22T08:20:15Z,2026-03-13T03:40:21Z,rejected,"过 cutoff 候选不足（strict=0, relaxed=0）",skipped,169,junit5,0,0,0,0,0,2026-09-14 22:33:15
DozerMapper/dozer,8efd82f65da118abfa4a5c953bd8dc1bda3bb112,2108,Apache-2.0,2012-01-23T21:11:58Z,2026-03-01T22:05:49Z,rejected,cutoff 2026-01-01 以来 src/main/java 零提交（主代码冻结）,,10,vintage,,,,,,2026-09-14 22:33:28
continew-org/continew-admin,cbd7aad5037f92957eb314527955f0520368a649,2107,Apache-2.0,2022-12-08T15:26:44Z,2026-09-03T13:55:32Z,rejected,pom 中未声明 JUnit 依赖,,11,,,,,,,2026-09-14 22:33:31
topjohnwu/libsu,4910d8dcc1ea3273246614b356fba56e1ce002a5,2101,Apache-2.0,2018-01-19T22:16:33Z,2026-03-27T17:57:50Z,rejected,无 pom.xml（Gradle-only? gradle文件数=9）,,0,,,,,,,2026-09-14 22:33:37
ctripcorp/x-pipe,cd496b1769bcc29e443bcfce8e2aee23b4e301b1,2092,Apache-2.0,2016-03-29T12:22:36Z,2026-09-03T09:04:26Z,accepted,,skipped,20,junit4,6,8,2,6,6,2026-09-14 22:33:40
ehcache/ehcache3,8c1dde3014737227e681f4917b18f602eacf5141,2085,Apache-2.0,2014-02-26T20:39:16Z,2026-05-04T15:40:58Z,rejected,无 pom.xml（Gradle-only? gradle文件数=31）,,0,,,,,,,2026-09-14 22:36:51
gnembon/fabric-carpet,4a97c841b8befba711a671937687767f81ca7c0e,2074,MIT,2019-05-10T02:54:10Z,2026-08-20T14:15:49Z,rejected,无 pom.xml（Gradle-only? gradle文件数=2）,,0,,,,,,,2026-09-14 22:36:56
confluentinc/examples,814213053230d261429fd3f4e9e259332178d100,2065,Apache-2.0,2018-04-17T12:33:58Z,2026-08-25T06:05:37Z,rejected,cutoff 2026-01-01 以来 src/main/java 零提交（主代码冻结）,,6,junit4+junit5,,,,,,2026-09-14 22:36:59
zalando/logbook,60b87a91ac67bc110e58852ce047e8b32f5ff20f,2063,MIT,2015-09-14T15:29:12Z,2026-09-01T04:23:59Z,rejected,"过 cutoff 候选不足（strict=0, relaxed=0）",skipped,33,junit4+junit5+vintage,0,0,0,0,0,2026-09-14 22:37:09
testng-team/testng,b3ddbfc12163025370f3a59bcd198506a411de10,2056,Apache-2.0,2010-06-28T23:10:17Z,2026-09-02T20:28:29Z,rejected,无 pom.xml（Gradle-only? gradle文件数=44）,,0,,,,,,,2026-09-14 22:37:15
spring-cloud/spring-cloud-config,6509e48f2a89dc510de47130c5ea434039c7db6b,2048,Apache-2.0,2014-06-13T16:59:44Z,2026-09-03T13:24:52Z,rejected,pom 中未声明 JUnit 依赖,,9,,,,,,,2026-09-14 22:37:20
rememberber/MooTool,453279a0989b631d4a3612bbf0419753b85dc7bf,2043,MIT,2019-10-14T07:35:58Z,2026-09-01T09:50:35Z,accepted,,skipped,2,junit5+vintage,2,6,2,2,5,2026-09-14 22:37:26
microcks/microcks,b8a58bf83557c309f9464f8d833206f617b60c16,2030,Apache-2.0,2015-02-23T15:46:09Z,2026-09-02T23:44:27Z,accepted,,skipped,9,junit5+vintage,2,5,0,4,5,2026-09-14 22:44:59
Baeldung/spring-security-oauth,1431de745484f842b602ea56cbc5dacd65b53ef4,2026,MIT,2016-03-02T09:04:07Z,2026-06-26T07:16:12Z,rejected,cutoff 2026-01-01 以来 src/main/java 零提交（主代码冻结）,,57,junit4+vintage,,,,,,2026-09-14 22:49:19
cbeust/jcommander,e9599fed58fdf5251abb8ad08226e96ae951d302,2023,Apache-2.0,2010-07-13T05:40:31Z,2026-04-15T10:41:36Z,rejected,无 pom.xml（Gradle-only? gradle文件数=3）,,0,,,,,,,2026-09-14 22:49:22
apache/drill,367c14a6604bd0c8a9f4db919088debee4e02616,2022,Apache-2.0,2012-09-05T07:00:26Z,2026-09-03T13:58:07Z,rejected,"过 cutoff 候选不足（strict=0, relaxed=4）",skipped,63,junit4+junit5+vintage,0,4,14,35,4,2026-09-14 22:49:27
1hakr/AnExplorer,e856926de57c4e403b8678bf3b289ac618065648,2021,Apache-2.0,2013-03-31T17:56:46Z,2026-06-02T03:49:12Z,rejected,无 pom.xml（Gradle-only? gradle文件数=3）,,0,,,,,,,2026-09-14 23:20:59
zfoo-project/zfoo,e426a7ebb3070f32b774d97d6cf58c09c21a6817,2014,Apache-2.0,2021-05-19T09:04:28Z,2026-05-29T09:25:55Z,accepted,,skipped,10,junit4,4,1,4,1,5,2026-09-14 23:21:04
nashtech-garage/yas,179e813568c345bad3fce985088b5535e57481aa,1983,MIT,2022-01-18T02:29:43Z,2026-06-12T08:44:07Z,rejected,"过 cutoff 候选不足（strict=0, relaxed=0）",skipped,25,junit5,0,0,0,0,0,2026-09-14 23:25:43
validator/validator,d73d94bf2e714c1448ca572203eef35755795777,1981,MIT,2010-12-03T02:00:23Z,2026-08-30T01:21:24Z,rejected,pom 中未声明 JUnit 依赖,,3,,,,,,,2026-09-14 23:25:58
elastic/elasticsearch-hadoop,014e4bc1b12a09e3763bb03ae36fc6488f63c956,1972,Apache-2.0,2013-03-11T18:57:37Z,2026-09-03T13:47:36Z,rejected,无 pom.xml（Gradle-only? gradle文件数=18）,,0,,,,,,,2026-09-14 23:26:11
langgraph4j/langgraph4j,02cea484a38ff2e271697700d15e0d9bc5d0f9ec,1968,MIT,2024-03-18T19:38:47Z,2026-08-31T16:45:32Z,rejected,"过 cutoff 候选不足（strict=1, relaxed=0）",skipped,25,junit5+vintage,1,0,0,0,1,2026-09-14 23:26:16
linkedin/dexmaker,31df94e311657f168f06fb8bf205d60b37d56342,1967,Apache-2.0,2014-12-17T07:22:19Z,2026-05-29T21:49:38Z,rejected,无 pom.xml（Gradle-only? gradle文件数=14）,,0,,,,,,,2026-09-14 23:30:24
javahongxi/whatsmars,6d398a22d6b7009927017277e5a641a94b41620d,1966,Apache-2.0,2016-04-01T10:33:04Z,2026-08-31T01:35:23Z,rejected,"过 cutoff 候选不足（strict=0, relaxed=0）",skipped,67,junit5,0,0,0,0,0,2026-09-14 23:30:27
bit4woo/knife,da9918b780c045e120d347db474324ee8b5dcd82,1962,MIT,2018-06-12T14:25:18Z,2026-06-26T04:55:43Z,rejected,pom 中未声明 JUnit 依赖,,1,,,,,,,2026-09-14 23:32:17
pengrad/java-telegram-bot-api,7ba32b6accf6a4a2d22174480c52bc9c9c360f23,1958,Apache-2.0,2015-08-04T11:58:56Z,2026-06-12T13:07:31Z,rejected,pom 中未声明 JUnit 依赖,,1,,,,,,,2026-09-14 23:32:24
w3c/epubcheck,75f68dce45637c56720a427737f62580eecbca25,1953,BSD-3-Clause,2013-10-14T23:29:03Z,2026-08-29T14:48:10Z,rejected,"过 cutoff 候选不足（strict=2, relaxed=1）",skipped,1,junit4,2,1,6,3,3,2026-09-14 23:32:28
dromara/forest,52d68e974c54229ea2ce5daf9392aaa3b621938f,1947,MIT,2017-04-21T10:53:29Z,2026-01-26T21:37:49Z,rejected,cutoff 2026-01-01 以来 src/main/java 零提交（主代码冻结）,,18,junit4+vintage,,,,,,2026-09-14 23:35:22
apache/servicecomb-java-chassis,1db6f7ae02fe7f750410fd1139909b3dfe65ac64,1942,Apache-2.0,2017-05-18T09:29:30Z,2026-07-01T07:32:28Z,rejected,"过 cutoff 候选不足（strict=0, relaxed=0）",skipped,186,junit4+junit5+vintage,0,0,0,4,0,2026-09-14 23:35:26
kymjs/KJFrameForAndroid,8bc5a9abebba9c52dcd7c4651f70a496c4b901a6,1938,Apache-2.0,2014-06-08T13:30:46Z,2026-03-17T06:36:33Z,rejected,无 pom.xml（Gradle-only? gradle文件数=4）,,0,,,,,,,2026-09-14 23:37:32
spring-projects/spring-session,5c0636dc4f576d148c2a68cb7903b9e70c76318b,1938,Apache-2.0,2014-06-20T21:16:58Z,2026-09-01T03:04:33Z,rejected,无 pom.xml（Gradle-only? gradle文件数=56）,,0,,,,,,,2026-09-14 23:37:36
fabric8io/docker-maven-plugin,5d7bdcc1c3f127f9fce626ceb063207218484f05,1933,Apache-2.0,2014-03-26T06:10:05Z,2026-09-01T06:46:16Z,rejected,"过 cutoff 候选不足（strict=0, relaxed=0）",skipped,63,junit4+junit5,0,0,0,0,0,2026-09-14 23:37:45
LianjiaTech/retrofit-spring-boot-starter,a93b34c88d9654f340f0a6e065aa8daf60ac5b20,1912,Apache-2.0,2020-04-04T01:44:57Z,2026-08-08T06:41:14Z,rejected,"过 cutoff 候选不足（strict=0, relaxed=0）",skipped,1,junit4+junit5+vintage,0,0,0,0,0,2026-09-14 23:37:51
selenide/selenide,c3260ea688c010f365186ef3e591ea3dd783a6b2,1910,MIT,2012-02-07T11:44:33Z,2026-08-31T08:01:08Z,rejected,无 pom.xml（Gradle-only? gradle文件数=26）,,0,,,,,,,2026-09-14 23:37:55
ninjaframework/ninja,f7b39ce103e547595585276857c3fc77d1e6f4f0,1900,Apache-2.0,2012-06-09T21:06:05Z,2026-04-03T18:40:39Z,rejected,"过 cutoff 候选不足（strict=0, relaxed=0）",skipped,23,junit4,0,0,0,2,0,2026-09-14 23:38:00
googleads/googleads-mobile-android-examples,a74d0edbc9cb47a0c87d90f3e3f3b79eb3bf47e2,1882,Apache-2.0,2013-12-04T19:36:18Z,2026-09-02T21:29:07Z,rejected,"过 cutoff 候选不足（strict=0, relaxed=0）",skipped,1,vintage,0,0,0,0,0,2026-09-14 23:38:36
jchambers/pushy,d461f9b95835993ac7169d188d5c25d53c335cb3,1877,MIT,2013-08-02T19:38:31Z,2026-09-01T01:36:35Z,rejected,"过 cutoff 候选不足（strict=0, relaxed=0）",skipped,5,junit5,0,0,0,2,0,2026-09-14 23:38:46
langchain4j/langchain4j-examples,7540de0d1293af376881eba26256d7980a27f4f3,1874,Apache-2.0,2023-06-20T16:04:18Z,2026-08-14T15:08:23Z,rejected,"过 cutoff 候选不足（strict=0, relaxed=0）",skipped,53,junit4+junit5,0,0,0,0,0,2026-09-14 23:39:58
spring-projects/spring-data-redis,a4b05cb1bd07b2ea986b0984c658bb6a9edc8797,1869,Apache-2.0,2011-07-01T11:57:33Z,2026-08-31T13:46:44Z,rejected,pom 中未声明 JUnit 依赖,,1,,,,,,,2026-09-14 23:40:02
neo4j-contrib/neo4j-apoc-procedures,9f91995e3f9f775efe91d9a0743a8d40ad8f6d1b,1868,Apache-2.0,2016-02-25T08:33:37Z,2026-08-24T15:12:38Z,rejected,无 pom.xml（Gradle-only? gradle文件数=23）,,0,,,,,,,2026-09-14 23:40:09
hcoles/pitest,d7c2531999e0aaff2b096c5a54bc071a99df30e8,1858,Apache-2.0,2014-01-07T21:34:34Z,2026-08-28T15:39:03Z,rejected,"过 cutoff 候选不足（strict=0, relaxed=0）",skipped,47,junit4+junit5,0,0,0,0,0,2026-09-14 23:40:24
jbangdev/jbang,ea1c3dda048b82716ee6c31c7705683bfd03347e,1857,MIT,2019-12-24T22:52:02Z,2026-09-02T11:17:07Z,rejected,pom 中未声明 JUnit 依赖,,1,,,,,,,2026-09-14 23:40:35
pinterest/secor,7b9211762aa12f7ad48b66447dec8ac1afa09fac,1856,Apache-2.0,2014-04-15T22:26:44Z,2026-03-10T08:39:10Z,rejected,cutoff 2026-01-01 以来 src/main/java 零提交（主代码冻结）,,1,junit4,,,,,,2026-09-14 23:40:40
pinterest/teletraan,7dc557ead06faa571d9d2cf85adc5c6dae360667,1836,Apache-2.0,2015-12-09T22:08:45Z,2026-08-21T00:08:19Z,rejected,"过 cutoff 候选不足（strict=3, relaxed=1）",skipped,4,junit5,3,1,2,1,4,2026-09-14 23:40:43
guchengwuyue/yshop-crm,5f5810a0e1e4ab0828523ec299bf973c2f9065d7,1833,MIT,2019-11-07T13:53:52Z,2026-09-01T09:19:31Z,rejected,pom 中未声明 JUnit 依赖,,42,,,,,,,2026-09-14 23:43:58
graphhopper/jsprit,2a4ccbc2f53a39e936ee45d512bd54c8029cf9be,1829,Apache-2.0,2013-03-27T13:35:04Z,2026-04-08T19:17:58Z,rejected,"过 cutoff 候选不足（strict=0, relaxed=4）",skipped,3,junit5+vintage,0,4,0,1,4,2026-09-14 23:44:07
centic9/jgit-cookbook,5296f64ceb293254bf016067ae3796cef75805fd,1804,Apache-2.0,2013-05-27T07:28:23Z,2026-07-03T04:50:20Z,rejected,"过 cutoff 候选不足（strict=0, relaxed=0）",skipped,1,junit5,0,0,0,0,0,2026-09-14 23:45:43
googlemaps/google-maps-services-java,673b3b369c90ccd4d804f1cf5df0f48a6b84fc7c,1799,Apache-2.0,2014-08-15T04:35:21Z,2026-01-26T23:41:15Z,rejected,无 pom.xml（Gradle-only? gradle文件数=2）,,0,,,,,,,2026-09-14 23:45:47
datafaker-net/datafaker,f52cfc4a4c0cf5c41ee5d05b1fb7285936311524,1792,Apache-2.0,2021-12-30T00:07:31Z,2026-09-02T21:57:03Z,rejected,"过 cutoff 候选不足（strict=0, relaxed=0）",skipped,1,junit5,0,0,0,0,0,2026-09-14 23:45:50
linkedin/ambry,92d5e159561ba8d03c4eb7f1bc467f0811e91dda,1786,Apache-2.0,2013-10-25T20:04:54Z,2026-09-01T18:00:22Z,rejected,无 pom.xml（Gradle-only? gradle文件数=10）,,0,,,,,,,2026-09-14 23:45:57
yangzongzhuan/RuoYi-Cloud,8f8a02cc1d7577dff9f037e48cfb4ffd193afed6,1786,MIT,2020-05-25T04:04:33Z,2026-08-18T12:54:08Z,rejected,pom 中未声明 JUnit 依赖,,22,,,,,,,2026-09-14 23:46:04
embulk/embulk,c1340f69320a60d57a9942d83bde063c6178393a,1783,Apache-2.0,2014-09-16T03:58:52Z,2026-06-19T12:52:35Z,rejected,无 pom.xml（Gradle-only? gradle文件数=7）,,0,,,,,,,2026-09-14 23:46:07
jooby-project/jooby,ce41e2f36ebacf1a1cc498c2d16697385f5f40fa,1779,Apache-2.0,2014-10-20T02:03:16Z,2026-08-31T00:09:48Z,accepted,,skipped,85,junit4+junit5,6,15,0,3,6,2026-09-14 23:46:11
inulute/medium-unlocker,e98b8d31381c4aa295b1e1d265816a0f1ccb5c86,1778,MIT,2024-03-20T20:35:16Z,2026-08-16T17:46:20Z,rejected,无 pom.xml（Gradle-only? gradle文件数=3）,,0,,,,,,,2026-09-15 00:02:16
kairosdb/kairosdb,7446e4f73553fad63803b36e5b791179438b4cd9,1762,Apache-2.0,2013-02-05T22:27:48Z,2026-03-05T22:27:54Z,rejected,"过 cutoff 候选不足（strict=0, relaxed=0）",skipped,1,junit4,0,0,0,1,0,2026-09-15 00:02:20
sqlancer/sqlancer,4630c610e051c035b7d82c0eba64fcc8d1633ffa,1753,MIT,2020-04-03T06:27:00Z,2026-08-24T05:14:26Z,rejected,cutoff 2026-01-01 以来 src/main/java 零提交（主代码冻结）,,1,junit5,,,,,,2026-09-15 00:02:46
apache/eventmesh,c9f9dedd74033be8bdaaebc93864b734a6d0fdf6,1751,Apache-2.0,2019-09-16T03:04:56Z,2026-09-03T02:18:22Z,rejected,无 pom.xml（Gradle-only? gradle文件数=46）,,0,,,,,,,2026-09-15 00:02:55
datastax/jvector,40e0775fea3d15c605fafb5b5580998825494c7a,1745,Apache-2.0,2023-08-25T01:45:20Z,2026-09-02T19:35:46Z,accepted,,skipped,8,junit4+junit5+vintage,4,3,0,2,5,2026-09-15 00:03:03
ballcat-projects/ballcat,05d6308cd3756d8561745559262faf6d4f02e553,1728,Apache-2.0,2019-10-20T12:18:53Z,2026-07-30T04:41:54Z,rejected,"过 cutoff 候选不足（strict=0, relaxed=3）",skipped,89,junit5,0,3,0,1,3,2026-09-15 00:10:16
apache/guacamole-client,2b3be3d4898e98c6284772c9fab163c8bd64a105,1714,Apache-2.0,2016-03-22T07:00:06Z,2026-08-29T18:23:02Z,rejected,"过 cutoff 候选不足（strict=0, relaxed=0）",skipped,36,junit4+junit5,0,0,0,1,0,2026-09-15 00:11:15
x-ream/sqli,d98cfbb54f55940df0d9ef921ad62661765a90d1,1713,Apache-2.0,2020-08-19T14:02:22Z,2026-07-24T03:14:00Z,rejected,pom 中未声明 JUnit 依赖,,5,,,,,,,2026-09-15 00:12:09
google/adk-java,fda5a1027ae4646ee32bd5d722b4531ad55416eb,1711,Apache-2.0,2025-05-05T17:16:25Z,2026-09-03T11:37:37Z,rejected,"过 cutoff 候选不足（strict=1, relaxed=2）",skipped,26,junit4+junit5+vintage,1,2,0,1,3,2026-09-15 00:12:15
controlsfx/controlsfx,bf5bded842c062edec0666d86b77c3a452741799,1709,BSD-3-Clause,2018-12-18T05:52:08Z,2026-09-03T08:31:02Z,rejected,无 pom.xml（Gradle-only? gradle文件数=6）,,0,,,,,,,2026-09-15 00:13:11
morenoh149/react-native-contacts,3028dce82826751198f9602e858d7049a86eea42,1704,MIT,2015-10-16T06:35:30Z,2026-08-11T06:16:10Z,rejected,无 pom.xml（Gradle-only? gradle文件数=4）,,0,,,,,,,2026-09-15 00:13:19
dingodb/dingo,80145a85357a5c7381424105f49bf1fcdd688303,1701,Apache-2.0,2021-10-14T02:13:51Z,2026-07-10T11:13:29Z,rejected,无 pom.xml（Gradle-only? gradle文件数=42）,,0,,,,,,,2026-09-15 00:13:27
YeDaxia/JApiDocs,788546cb1520b4b963beb34cb4616e663e0f0f65,1694,Apache-2.0,2017-01-15T13:30:17Z,2026-03-19T16:05:36Z,rejected,无 pom.xml（Gradle-only? gradle文件数=8）,,0,,,,,,,2026-09-15 00:13:41
mateaix/matecloud,fb79898839a3a1967c91ae48586ae486806b8544,1693,Apache-2.0,2019-10-30T03:25:43Z,2026-08-30T05:03:24Z,accepted,,skipped,42,junit5,0,5,0,0,5,2026-09-15 00:13:47
Netflix/metacat,d26c7cb2219c55228a7675fa01a18ae20692ec3d,1690,Apache-2.0,2016-03-19T20:06:34Z,2026-08-28T14:23:25Z,rejected,无 pom.xml（Gradle-only? gradle文件数=25）,,0,,,,,,,2026-09-15 00:14:12
spring-projects/spring-data-mongodb,aa749dfd6653640b4741a39dc9c26bf6185ae118,1687,Apache-2.0,2011-10-13T01:06:55Z,2026-08-31T13:46:43Z,rejected,pom 中未声明 JUnit 依赖,,3,,,,,,,2026-09-15 00:14:20
bazaarvoice/jolt,990aee98233362dd0a1c8975056f280c55305c19,1675,Apache-2.0,2013-02-15T04:09:50Z,2026-08-05T20:34:20Z,rejected,pom 中未声明 JUnit 依赖,,7,,,,,,,2026-09-15 00:14:30
freeotp/freeotp-android,1275d7808969f18f05e917bee19424f37ca89eb5,1667,Apache-2.0,2016-10-24T13:23:25Z,2026-08-18T13:24:15Z,rejected,无 pom.xml（Gradle-only? gradle文件数=3）,,0,,,,,,,2026-09-15 00:14:36
babyfish-ct/jimmer,871c49379149c1950a836bb11b59d30a0babd476,1664,Apache-2.0,2022-05-03T09:52:05Z,2026-09-03T11:47:32Z,rejected,无 pom.xml（Gradle-only? gradle文件数=32）,,0,,,,,,,2026-09-15 00:14:42
j-easy/easy-random,673ba75715aee8a0ee0355d92db4472349cb47cf,1651,MIT,2013-05-18T16:43:32Z,2026-08-25T22:13:44Z,rejected,"过 cutoff 候选不足（strict=0, relaxed=0）",skipped,1,junit5,0,0,0,0,0,2026-09-15 00:14:52
sofastack/sofa-ark,0e18adc613be15cc13ea8971dff98fa504da7337,1641,Apache-2.0,2018-03-12T09:07:08Z,2026-08-22T02:36:51Z,rejected,"过 cutoff 候选不足（strict=0, relaxed=0）",skipped,26,junit4,0,0,1,1,0,2026-09-15 00:14:59
kagkarlsson/db-scheduler,346e430f9ac8dec23ad7500e837f031df673f452,1639,Apache-2.0,2015-08-12T18:01:34Z,2026-08-31T12:55:08Z,rejected,"过 cutoff 候选不足（strict=0, relaxed=0）",skipped,9,junit5,0,0,0,0,0,2026-09-15 00:16:12
cloudfoundry/uaa,efa7dae48a2284d67bacfc5f92407e3e4c470877,1639,Apache-2.0,2012-02-07T22:40:55Z,2026-09-02T22:09:36Z,rejected,无 pom.xml（Gradle-only? gradle文件数=9）,,0,,,,,,,2026-09-15 00:16:27
spring-projects/spring-integration,fa6948ae6d60cd89bfeab2372d71e93288fad294,1628,Apache-2.0,2011-07-22T21:47:27Z,2026-09-01T20:24:52Z,rejected,无 pom.xml（Gradle-only? gradle文件数=49）,,0,,,,,,,2026-09-15 00:16:41
ClickHouse/clickhouse-java,6aa1ce9cf0fb0330bfee846a53d1373fdac38b42,1617,Apache-2.0,2016-07-15T12:48:27Z,2026-09-02T21:35:06Z,accepted,,skipped,24,junit5,3,4,1,7,5,2026-09-15 00:16:59
transistorsoft/react-native-background-fetch,75d3ed0e1073ebac8e38c13a7a840f75dcf62f83,1609,MIT,2016-08-01T18:44:54Z,2026-04-22T13:25:52Z,rejected,无 pom.xml（Gradle-only? gradle文件数=1）,,0,,,,,,,2026-09-15 00:37:49
dibo-software/diboot,cd211a2dcc067491f199e3a298e43c3dcabf2a25,1604,Apache-2.0,2019-01-24T09:02:38Z,2026-09-02T07:05:10Z,rejected,"过 cutoff 候选不足（strict=1, relaxed=0）",skipped,11,junit4,1,0,1,6,1,2026-09-15 00:37:54
apache/opennlp,6c64f1e022b31d1f87cdb0b16315a33ffae35d9f,1602,Apache-2.0,2011-11-09T08:00:09Z,2026-09-03T02:32:35Z,accepted,,skipped,23,junit5,4,2,4,12,5,2026-09-15 00:50:14
spring-projects/spring-graphql,3b4f8b69a67cee715c10017af0795fa95f5bec0d,1594,Apache-2.0,2020-07-20T16:35:00Z,2026-09-01T10:23:08Z,rejected,无 pom.xml（Gradle-only? gradle文件数=9）,,0,,,,,,,2026-09-15 00:55:27
knowm/XChart,072f3ea5adc740ad2cda7efce3931bc52b7f68e0,1593,Apache-2.0,2011-07-20T15:56:44Z,2026-09-03T12:02:28Z,accepted,,skipped,4,junit5,4,1,0,1,5,2026-09-15 00:55:31
ReaJason/MemShellParty,97e85f57530a0b5c82e17d8c224e1432a0621f95,1592,MIT,2024-09-01T05:17:19Z,2026-08-30T16:11:37Z,rejected,pom 中未声明 JUnit 依赖,,1,,,,,,,2026-09-15 00:59:25
siddhi-io/siddhi,e1da9b7f3cd7e211f43608e13b27379d16561008,1592,Apache-2.0,2014-04-21T09:51:36Z,2026-05-05T12:16:03Z,rejected,pom 中未声明 JUnit 依赖,,13,,,,,,,2026-09-15 00:59:34
dromara/easy-es,5b888368a9c0137d3f58cf969be6d2db255c1c5b,1587,Apache-2.0,2021-12-01T09:05:38Z,2026-05-10T03:31:32Z,rejected,"过 cutoff 候选不足（strict=0, relaxed=0）",skipped,13,junit5,0,0,0,0,0,2026-09-15 00:59:40
shibing624/similarity,1aad1991edc117de03ef05459ddf99a867ad151d,1584,Apache-2.0,2016-11-09T02:02:01Z,2026-07-16T12:10:21Z,rejected,cutoff 2026-01-01 以来 src/main/java 零提交（主代码冻结）,,1,junit4,,,,,,2026-09-15 00:59:44
rkkr/simple-keyboard,bcea41ca7006350fc5d8ca7c25996b4da1283247,1575,Apache-2.0,2017-04-22T11:32:21Z,2026-08-18T06:04:09Z,rejected,无 pom.xml（Gradle-only? gradle文件数=3）,,0,,,,,,,2026-09-15 00:59:48
javers/javers,cc835d974ca9b8a24b2d9b7cd54aad9c4b32d1ef,1573,Apache-2.0,2013-12-10T08:23:03Z,2026-08-17T11:37:50Z,rejected,无 pom.xml（Gradle-only? gradle文件数=12）,,0,,,,,,,2026-09-15 00:59:52
javiersantos/PiracyChecker,4ebafd4890593a09a2b978ed38e6dc7dc6ce79e1,1569,Apache-2.0,2016-05-26T16:39:21Z,2026-06-04T21:55:46Z,rejected,无 pom.xml（Gradle-only? gradle文件数=4）,,0,,,,,,,2026-09-15 00:59:55
OWASP/crAPI,b5fc307f3e5f875809b095b771108ef342a33724,1568,Apache-2.0,2021-02-03T21:11:44Z,2026-05-14T19:52:37Z,rejected,无 pom.xml（Gradle-only? gradle文件数=2）,,0,,,,,,,2026-09-15 00:59:58
aws/serverless-java-container,75822fea77d6bd2045c9cfad30d8e136122edec2,1559,Apache-2.0,2016-12-05T20:04:57Z,2026-08-21T23:27:11Z,rejected,"过 cutoff 候选不足（strict=0, relaxed=0）",skipped,17,junit5,0,0,0,1,0,2026-09-15 01:00:02
java-diff-utils/java-diff-utils,5e2e5b981533964aaeb19e2ba56d0f53dbd8b2dc,1544,Apache-2.0,2017-03-30T05:47:23Z,2026-07-04T16:42:30Z,rejected,"过 cutoff 候选不足（strict=0, relaxed=0）",skipped,3,junit5,0,0,0,0,0,2026-09-15 01:00:13
microsoft/playwright-java,045d72f59f4f106ddd311b3b8ee60b29087df6ab,1539,Apache-2.0,2020-09-25T17:37:14Z,2026-09-01T18:05:16Z,rejected,"过 cutoff 候选不足（strict=0, relaxed=0）",skipped,11,junit5,0,0,0,1,0,2026-09-15 01:00:16
apache/httpcomponents-client,be07c77297576b08bc01bb93789eca6f5f9bf850,1534,Apache-2.0,2009-05-21T01:43:06Z,2026-09-01T13:53:03Z,accepted,,skipped,9,junit5,6,9,2,10,6,2026-09-15 01:03:23
ebean-orm/ebean,c62b63119b4a7539aabc0e24c6f33b311c5615af,1533,Apache-2.0,2012-09-13T11:49:56Z,2026-08-28T22:43:07Z,rejected,"过 cutoff 候选不足（strict=0, relaxed=2）",skipped,58,junit4,0,2,0,2,2,2026-09-15 01:18:52
gradle/gradle-profiler,7aa0cb888740fe3463e024fd78de80bce62eb2c3,1531,Apache-2.0,2016-08-08T05:32:30Z,2026-09-03T06:01:09Z,rejected,pom 中未声明 JUnit 依赖,,1,,,,,,,2026-09-15 01:21:17
limedroid/XDroidMvp,d650d69d67f55ea3fc7aace05c8dc95b6338829f,1524,MIT,2016-12-23T03:55:39Z,2026-07-01T03:47:01Z,rejected,无 pom.xml（Gradle-only? gradle文件数=6）,,0,,,,,,,2026-09-15 01:21:20
yulichang/mybatis-plus-join,339b7c70a4206e9d0f2d2eb128631bb2ae504927,1522,Apache-2.0,2021-01-27T07:36:31Z,2026-08-29T16:45:52Z,rejected,pom 中未声明 JUnit 依赖,,17,,,,,,,2026-09-15 01:21:23
o19s/elasticsearch-learning-to-rank,9409a6c72cc2707ef6b215ef8b81a377abecfcd5,1521,Apache-2.0,2016-12-25T03:19:01Z,2026-06-16T12:25:10Z,rejected,无 pom.xml（Gradle-only? gradle文件数=3）,,0,,,,,,,2026-09-15 01:21:26
overspace-labs/CaA,a5b0bb22fcb984a73a6ea7f856ba21344c0181ea,1518,Apache-2.0,2020-12-02T06:55:56Z,2026-05-25T03:02:05Z,rejected,无 pom.xml（Gradle-only? gradle文件数=2）,,0,,,,,,,2026-09-15 01:21:29
NLPchina/nlp-lang,fdbba53eb3f205ab6cc77ecd77cd214459c1ef6f,1507,Apache-2.0,2014-03-30T13:38:45Z,2026-08-13T18:47:52Z,rejected,cutoff 2026-01-01 以来 src/main/java 零提交（主代码冻结）,,1,junit4,,,,,,2026-09-15 01:21:32
vladmihalcea/high-performance-java-persistence,0f8f5a4361fb8323b6151010324811ea6408a0e0,1498,Apache-2.0,2015-10-15T04:57:57Z,2026-06-23T06:55:15Z,rejected,"过 cutoff 候选不足（strict=0, relaxed=0）",skipped,7,junit4+junit5,0,0,0,0,0,2026-09-15 01:21:38
apache/inlong,460761044d463a97391afcecb127266cd83f362a,1498,Apache-2.0,2020-01-03T07:13:14Z,2026-08-27T07:25:25Z,accepted,,skipped,156,junit4+junit5+vintage,2,4,20,44,5,2026-09-15 01:21:51
AutohomeCorp/frostmourne,cf993ead3205f2d2bdbda09e6ea0bd6c338b0033,1496,MIT,2019-12-16T03:22:03Z,2026-04-17T11:54:48Z,rejected,cutoff 2026-01-01 以来 src/main/java 零提交（主代码冻结）,,4,junit4+junit5+vintage,,,,,,2026-09-15 01:38:39
google/flogger,3e35459ae396dc455d3852c6aac69ebf8912d509,1481,Apache-2.0,2018-04-12T16:52:52Z,2026-09-01T17:21:54Z,rejected,无 pom.xml（Gradle-only? gradle文件数=0）,,0,,,,,,,2026-09-15 01:38:42
apache/ratis,e3ee6b055f3ab4d4613b3fc5c957050df461d265,1475,Apache-2.0,2017-01-31T08:00:07Z,2026-09-02T16:35:22Z,rejected,"过 cutoff 候选不足（strict=0, relaxed=0）",skipped,21,junit5,0,0,0,0,0,2026-09-15 01:38:45
msgpack/msgpack-java,1b8e531097914c9064cb96115cd17608aa7214b7,1474,Apache-2.0,2011-06-29T08:45:39Z,2026-08-31T23:43:01Z,rejected,无 pom.xml（Gradle-only? gradle文件数=0）,,0,,,,,,,2026-09-15 01:38:55
spring-guides/gs-rest-service,3f4cef01152596c19bc4d37939409358812b1421,1473,Apache-2.0,2013-04-12T14:54:36Z,2026-09-01T10:50:46Z,rejected,pom 中未声明 JUnit 依赖,,2,,,,,,,2026-09-15 01:38:58
googleapis/google-api-java-client,e0db26df303439751437ca0664eda6ec8a62f82a,1473,Apache-2.0,2014-10-28T17:31:34Z,2026-09-01T18:39:37Z,rejected,"过 cutoff 候选不足（strict=0, relaxed=0）",skipped,16,junit4,0,0,0,0,0,2026-09-15 01:39:01
Netflix/mantis,fec205eec729ff41f84fcfe005cd1ad525098c61,1468,Apache-2.0,2019-06-06T23:44:48Z,2026-09-01T23:36:27Z,rejected,无 pom.xml（Gradle-only? gradle文件数=43）,,0,,,,,,,2026-09-15 01:39:05
ModelEngine-Group/app-platform,dd242b21cb136c871b1658b9594616a29a2f8246,1454,MIT,2025-03-31T07:11:30Z,2026-08-26T07:29:39Z,rejected,"过 cutoff 候选不足（strict=0, relaxed=0）",skipped,136,junit4+junit5,0,0,0,0,0,2026-09-15 01:39:13
dadoonet/fscrawler,4ede7dfa55b44998c3e575c9fcba326e2972eb48,1451,Apache-2.0,2012-06-08T17:23:03Z,2026-09-03T05:19:15Z,rejected,"过 cutoff 候选不足（strict=1, relaxed=1）",skipped,28,junit5,1,1,0,0,2,2026-09-15 01:39:26
ff4j/ff4j,f27f53d7dd1b78cad04e63ef5fc931bd3cd788bc,1451,Apache-2.0,2013-06-22T14:36:32Z,2026-08-27T23:18:18Z,rejected,"过 cutoff 候选不足（strict=0, relaxed=0）",skipped,37,junit4+junit5,0,0,0,0,0,2026-09-15 01:42:44
GoogleCloudPlatform/bank-of-anthos,dff04855dfabf8f9a033ec51ce476d81a3d4b05d,1448,Apache-2.0,2020-01-07T19:02:58Z,2026-08-18T17:02:52Z,rejected,cutoff 2026-01-01 以来 src/main/java 零提交（主代码冻结）,,5,junit5,,,,,,2026-09-15 01:42:49
googleapis/google-http-java-client,95fac312dd743a94fb28532ef8a50d374e6481ad,1443,Apache-2.0,2015-01-09T00:00:41Z,2026-07-20T17:49:24Z,rejected,"过 cutoff 候选不足（strict=0, relaxed=0）",skipped,21,junit4,0,0,1,6,0,2026-09-15 01:42:54
wgzhao/Addax,18433d1ff9a484c8f5b36845ca86c90e266f1a9f,1431,Apache-2.0,2019-07-17T13:58:01Z,2026-09-03T13:32:37Z,rejected,pom 中未声明 JUnit 依赖,,70,,,,,,,2026-09-15 01:45:50
bootique/bootique,d2790eff39b10037b7ec9e9eb1de9a5ad0faca82,1428,Apache-2.0,2015-12-10T14:45:15Z,2026-08-31T07:54:21Z,rejected,"过 cutoff 候选不足（strict=0, relaxed=0）",skipped,7,junit5,0,0,0,0,0,2026-09-15 01:45:54
opendatadiscovery/odd-platform,e5428c09515d90706d11c9991fb2f8f562f105ac,1427,Apache-2.0,2021-07-07T20:56:26Z,2026-09-03T13:50:40Z,rejected,无 pom.xml（Gradle-only? gradle文件数=7）,,0,,,,,,,2026-09-15 01:46:05
yinwang0/pysonar2,4799803d6b891a6495261aa263d442507fbc43c2,1424,Apache-2.0,2013-10-29T07:20:43Z,2026-03-02T04:19:48Z,rejected,cutoff 2026-01-01 以来 src/main/java 零提交（主代码冻结）,,1,junit4,,,,,,2026-09-15 01:46:11
oracle/tribuo,820026e6f843819c771c943b42f5cd22d58d0b00,1418,Apache-2.0,2020-06-16T09:59:48Z,2026-05-07T19:27:41Z,rejected,"过 cutoff 候选不足（strict=0, relaxed=2）",skipped,56,junit4+junit5,0,2,4,15,2,2026-09-15 01:46:13
google/conscrypt,9add7ce543a610c4b8aabdd3afede9f6c20354a9,1406,Apache-2.0,2016-12-12T17:24:18Z,2026-09-03T12:41:43Z,rejected,无 pom.xml（Gradle-only? gradle文件数=19）,,0,,,,,,,2026-09-15 01:48:06
Stonewuu/ai-fusion-video,f2bea0faa889fe4545f89b4c762fca03c4871503,1404,MIT,2026-03-16T15:08:46Z,2026-08-18T04:36:42Z,rejected,pom 中未声明 JUnit 依赖,,1,,,,,,,2026-09-15 01:48:13
mkpaz/atlantafx,5dc15486b00aec0cd916d36780319a32280d18c9,1400,MIT,2022-03-30T04:23:47Z,2026-08-23T14:10:09Z,rejected,"过 cutoff 候选不足（strict=0, relaxed=2）",skipped,8,junit5,0,2,0,0,2,2026-09-15 01:48:19
SlimeKnights/TinkersConstruct,ff1228fd4ed9100c9dbfb0d1a3e40f7cd356e9e3,1398,MIT,2013-01-22T20:46:32Z,2026-09-02T01:24:36Z,rejected,无 pom.xml（Gradle-only? gradle文件数=2）,,0,,,,,,,2026-09-15 01:48:33
hehonghui/Colorful,50cbf9e82476c0b57ba5c4abc79f21df2c81bf4d,1396,MIT,2015-09-09T12:09:10Z,2026-08-07T07:04:49Z,rejected,无 pom.xml（Gradle-only? gradle文件数=4）,,0,,,,,,,2026-09-15 01:48:49
troyzhxu/bean-searcher,cc34e36ba0d8664960965c2efc2e71c6fcedccb6,1387,Apache-2.0,2017-06-13T13:19:46Z,2026-08-12T03:34:38Z,rejected,"过 cutoff 候选不足（strict=0, relaxed=0）",skipped,7,junit5,0,0,0,2,0,2026-09-15 01:48:51
apache/rocketmq-dashboard,770822bbc812bfd0c2a94aa0128ab6f59b50d076,1386,Apache-2.0,2021-08-09T11:30:56Z,2026-09-03T07:47:00Z,rejected,cutoff 2026-01-01 以来 src/main/java 零提交（主代码冻结）,,1,junit4,,,,,,2026-09-15 01:49:08
zeroturnaround/zt-zip,72a8b9024a291ad9e4f6ee475599c748d6d8a283,1385,Apache-2.0,2011-11-22T15:26:37Z,2026-08-31T14:22:29Z,rejected,无 pom.xml（Gradle-only? gradle文件数=2）,,0,,,,,,,2026-09-15 01:49:11
apache/cassandra-java-driver,989209021a99a2d850cee8542ea30bcd1cb49e4e,1382,Apache-2.0,2012-11-19T18:44:41Z,2026-08-14T20:44:19Z,rejected,"过 cutoff 候选不足（strict=0, relaxed=0）",skipped,17,junit4,0,0,6,11,0,2026-09-15 01:49:14
google/j2cl,f5bd4cfaefe44563813a4ca98b315acc158a7746,1378,Apache-2.0,2017-06-20T09:53:52Z,2026-09-03T04:56:52Z,rejected,无 pom.xml（Gradle-only? gradle文件数=0）,,0,,,,,,,2026-09-15 01:52:09
datavane/tis,95bcb21a32eecb69bab0a6268a217b11e3011845,1377,Apache-2.0,2019-01-23T13:44:33Z,2026-08-31T08:24:46Z,rejected,"过 cutoff 候选不足（strict=1, relaxed=0）",skipped,25,junit4,1,0,2,11,1,2026-09-15 01:52:22
getmoneynote/moneynote-api,55b37a7b1baf84c5537f39b57078fcea8e63b3a3,1372,MIT,2023-05-31T05:33:20Z,2026-03-10T06:20:25Z,rejected,无 pom.xml（Gradle-only? gradle文件数=2）,,0,,,,,,,2026-09-15 01:55:35
AnghelLeonard/Hibernate-SpringBoot,27d70528ed6a6a8b41c57e5c516fc0cdc3da842a,1372,Apache-2.0,2018-10-13T07:55:05Z,2026-03-25T11:30:34Z,rejected,pom 中未声明 JUnit 依赖,,311,,,,,,,2026-09-15 01:55:38
wimoor-erp/wimoor,93c2857dfeee0a03e44d9389e5e3961a1d40e544,1371,MIT,2022-07-01T05:04:41Z,2026-08-29T02:50:50Z,accepted,,skipped,33,junit4+junit5,40,37,56,74,20,2026-09-15 01:55:47
Netflix/hollow,c8884fb6a44205abc184a99bdcf64c96d43c9b1f,1368,Apache-2.0,2016-12-02T18:56:43Z,2026-09-02T23:57:31Z,rejected,无 pom.xml（Gradle-only? gradle文件数=12）,,0,,,,,,,2026-09-15 01:57:47
moyangzhan/langchain4j-aideepin,76c47021f1220578dce98239750a834297f6cee6,1368,MIT,2023-08-08T02:45:05Z,2026-09-02T01:36:19Z,rejected,pom 中未声明 JUnit 依赖,,5,,,,,,,2026-09-15 01:57:52
apache/struts,60269a5b152005e9b8671aecb9cd1ffe1ebf4c26,1366,Apache-2.0,2014-01-15T08:00:08Z,2026-09-03T11:57:03Z,accepted,,skipped,29,junit4,1,5,1,11,5,2026-09-15 01:58:00
Endava/cats,8a9b2cef6532e5d99312090a74de619287c9d603,1366,Apache-2.0,2020-04-02T13:14:39Z,2026-09-02T12:18:37Z,rejected,pom 中未声明 JUnit 依赖,,1,,,,,,,2026-09-15 02:06:15
glowroot/glowroot,456b1910bbeeb152efd78103043d71c08b183975,1356,Apache-2.0,2014-01-29T05:25:58Z,2026-09-02T20:23:13Z,rejected,"过 cutoff 候选不足（strict=0, relaxed=1）",skipped,55,junit5+vintage,0,1,2,2,1,2026-09-15 02:06:20
sermant-io/Sermant,1ee50b0f6629bb61743113ab57cafd85d0ef15a7,1344,Apache-2.0,2021-09-07T01:22:41Z,2026-02-06T07:55:39Z,rejected,"过 cutoff 候选不足（strict=0, relaxed=0）",skipped,197,junit4+junit5,0,0,0,0,0,2026-09-15 02:16:08
cuba-platform/cuba,eaa926f08fa09cd39f7be7d31652f2603763528c,1342,Apache-2.0,2016-03-24T07:55:56Z,2026-01-21T13:03:46Z,rejected,无 pom.xml（Gradle-only? gradle文件数=2）,,0,,,,,,,2026-09-15 02:16:18
warmuuh/milkman,49b3ee2b9df1d52d2eeb36896c37662ef1ba4912,1337,MIT,2019-03-27T13:42:47Z,2026-08-04T12:53:04Z,rejected,"过 cutoff 候选不足（strict=0, relaxed=0）",skipped,21,junit5,0,0,0,1,0,2026-09-15 02:16:29
joey-zhou/xiaozhi-esp32-server-java,bf0fa7b2b898e52ec899167eb8d958a9f375cf7f,1337,MIT,2025-02-27T07:35:36Z,2026-09-03T00:15:50Z,rejected,"过 cutoff 候选不足（strict=1, relaxed=2）",skipped,6,vintage,1,2,0,2,3,2026-09-15 02:16:39
treasure-data/digdag,4438e063791eebc8f9ea461f214b10748a5489c1,1333,Apache-2.0,2015-09-18T23:18:08Z,2026-09-03T02:36:22Z,rejected,无 pom.xml（Gradle-only? gradle文件数=18）,,0,,,,,,,2026-09-15 02:17:46
rstyro/Springboot,f93729e4424a9b021eff0485b315e0dba84a237e,1326,MIT,2017-07-25T09:20:32Z,2026-05-09T08:32:22Z,rejected,"过 cutoff 候选不足（strict=0, relaxed=0）",skipped,54,vintage,0,0,0,0,0,2026-09-15 02:17:54
0x727/BypassPro,a4df0c80a56230518a31351197e2e1a1281306bd,1321,Apache-2.0,2023-04-06T10:22:34Z,2026-05-10T14:59:04Z,rejected,"过 cutoff 候选不足（strict=0, relaxed=2）",skipped,1,junit4,0,2,0,0,2,2026-09-15 02:18:00
cfig/Android_boot_image_editor,f692aff2e0b4059859eb0f4a3d75d7b0ae5f1406,1321,Apache-2.0,2016-04-14T13:12:18Z,2026-08-06T07:21:40Z,rejected,无 pom.xml（Gradle-only? gradle文件数=20）,,0,,,,,,,2026-09-15 02:18:10
sirthias/parboiled,d343133186a82a360e93e14f9f4d0bf6f5051a98,1318,Apache-2.0,2009-10-05T16:16:20Z,2026-08-31T04:33:47Z,rejected,无 pom.xml（Gradle-only? gradle文件数=0）,,0,,,,,,,2026-09-15 02:18:16
spring-cloud/spring-cloud-openfeign,cd81752e387823764a7204ddeb48b6170dabe3d9,1310,Apache-2.0,2018-02-05T21:26:12Z,2026-09-03T13:27:22Z,rejected,pom 中未声明 JUnit 依赖,,5,,,,,,,2026-09-15 02:18:19
GoogleCloudPlatform/DataflowTemplates,cb3bc3907f381992aca259e56e62867d2d3b936b,1310,Apache-2.0,2018-02-10T00:31:37Z,2026-09-03T13:59:54Z,accepted,,skipped,84,junit4+junit5,10,11,7,8,10,2026-09-15 02:18:23
minio/minio-java,4cff157a4cf1df76cae868737c816248a7ee4a1d,1305,Apache-2.0,2015-05-02T23:01:03Z,2026-06-18T20:32:38Z,rejected,无 pom.xml（Gradle-only? gradle文件数=2）,,0,,,,,,,2026-09-15 02:29:48
dromara/orion-visor,e5a7ed89807b2d657e7fc7420f73cce3f5111164,1303,Apache-2.0,2023-06-20T08:01:55Z,2026-02-07T16:45:03Z,rejected,pom 中未声明 JUnit 依赖,,42,,,,,,,2026-09-15 02:29:52
microsoft/gctoolkit,765a084b5f946bd5830395d0c19d0c4072ab9bdf,1301,MIT,2021-07-20T22:44:17Z,2026-09-02T22:24:58Z,rejected,"过 cutoff 候选不足（strict=0, relaxed=0）",skipped,7,junit5,0,0,0,0,0,2026-09-15 02:29:57
bbottema/simple-java-mail,9b45ff2fe006ee172736f6b16488ba4a393828ec,1290,Apache-2.0,2015-04-17T06:28:59Z,2026-09-02T11:41:38Z,rejected,"过 cutoff 候选不足（strict=1, relaxed=2）",skipped,13,junit5,1,2,0,0,3,2026-09-15 02:30:00
dromara/SMS4J,523bedc37a70714e8d08b5448e8bc7bb6fe0509f,1279,Apache-2.0,2023-03-24T03:06:15Z,2026-06-25T13:59:20Z,rejected,pom 中未声明 JUnit 依赖,,22,,,,,,,2026-09-15 02:31:20
eazybytes/microservices,878873d678bba6dabc88e72d2ee58a0800d6912f,1274,Apache-2.0,2023-07-10T06:44:23Z,2026-09-01T15:50:50Z,rejected,pom 中未声明 JUnit 依赖,,75,,,,,,,2026-09-15 02:31:23
hibernate/hibernate-validator,7df99e5dffd0b3a7001b7cf2ea8ed9a752796fa4,1269,Apache-2.0,2010-10-08T13:25:07Z,2026-09-01T21:51:00Z,rejected,"过 cutoff 候选不足（strict=0, relaxed=0）",skipped,20,junit4,0,0,0,3,0,2026-09-15 02:31:27
hub4j/github-api,f351e377db81a11cf26f47a4d727bedeb563774a,1259,MIT,2010-04-19T04:13:03Z,2026-09-01T02:11:21Z,rejected,"过 cutoff 候选不足（strict=0, relaxed=0）",skipped,1,junit4+vintage,0,0,0,0,0,2026-09-15 02:33:30
JetBrains/xodus,18f573765aff1bf12f45f73224ae3ec7e95268e3,1259,Apache-2.0,2014-04-29T09:36:04Z,2026-07-09T12:00:26Z,rejected,无 pom.xml（Gradle-only? gradle文件数=14）,,0,,,,,,,2026-09-15 02:33:39
mamiiblt/instafel,2d8ee4138d33b8d72e228b738b75b15b5691afa1,1256,MIT,2024-01-16T16:26:27Z,2026-09-01T15:07:16Z,rejected,无 pom.xml（Gradle-only? gradle文件数=10）,,0,,,,,,,2026-09-15 02:33:44
CodeIntelligenceTesting/jazzer,50a0e8f2c3aa0d28165b860e1c942383ba08d180,1254,Apache-2.0,2021-01-28T19:08:19Z,2026-09-02T21:31:46Z,rejected,"过 cutoff 候选不足（strict=1, relaxed=1）",skipped,2,junit5,1,1,1,1,2,2026-09-15 02:33:48
wayn111/waynboot-mall,c683afd8a22c92c298e0258bce134617da3f782d,1251,MIT,2020-04-25T08:34:27Z,2026-07-09T15:45:12Z,rejected,"过 cutoff 候选不足（strict=0, relaxed=0）",skipped,18,junit4,0,0,0,2,0,2026-09-15 02:35:19
bobbylight/RSyntaxTextArea,a60455d2a20cd744329ee7c1cec13937b98f4df8,1251,BSD-3-Clause,2013-08-08T03:40:21Z,2026-08-31T18:14:24Z,rejected,无 pom.xml（Gradle-only? gradle文件数=4）,,0,,,,,,,2026-09-15 02:35:51
TDuckCloud/tduck-survey-form,43ffa9c993e38936fc4de7d8e5aee82bbaa19502,1243,MIT,2019-12-11T10:13:45Z,2026-08-13T11:57:00Z,rejected,pom 中未声明 JUnit 依赖,,9,,,,,,,2026-09-15 02:35:55
jreleaser/jreleaser,99949bedac822a701e1c34950b71c164e98df18a,1238,Apache-2.0,2020-11-28T14:33:15Z,2026-08-31T08:09:18Z,rejected,无 pom.xml（Gradle-only? gradle文件数=64）,,0,,,,,,,2026-09-15 02:36:01
wakatime/jetbrains-wakatime,9c71d9e4567948cd5bdbdd708ba02f497f8549db,1235,BSD-3-Clause,2014-03-21T09:20:13Z,2026-05-01T15:06:44Z,rejected,无 pom.xml（Gradle-only? gradle文件数=0）,,0,,,,,,,2026-09-15 02:36:06
KreitinnSoftware/MiceWine-Application,1998711318d869f7c4aa791b97b80b0b27bfbf43,1225,MIT,2024-05-12T15:00:57Z,2026-07-01T02:21:27Z,rejected,无 pom.xml（Gradle-only? gradle文件数=3）,,0,,,,,,,2026-09-15 02:36:09
android/android-test,ec1bfc1ab826c8704fac19a580892c8ec19b77cc,1222,Apache-2.0,2015-08-21T09:47:39Z,2026-08-31T20:51:53Z,rejected,无 pom.xml（Gradle-only? gradle文件数=10）,,0,,,,,,,2026-09-15 02:36:12
vojtechhabarta/typescript-generator,1d036f7f135f6576898cf6a54632be795cfd1fd7,1221,MIT,2014-11-03T15:49:48Z,2026-08-01T12:27:54Z,rejected,"过 cutoff 候选不足（strict=2, relaxed=1）",skipped,6,junit5,2,1,0,0,3,2026-09-15 02:36:22
testsigmahq/testsigma,d2cd985ba0ca734d4c2a71d1b6ef11aecdee5c5d,1220,Apache-2.0,2021-12-27T08:20:06Z,2026-08-05T09:50:27Z,rejected,pom 中未声明 JUnit 依赖,,4,,,,,,,2026-09-15 02:39:12
apache/incubator-xtable,3a502edfef770985c3e238658493db819987f3f1,1216,Apache-2.0,2023-07-21T19:07:10Z,2026-08-31T21:32:02Z,rejected,"过 cutoff 候选不足（strict=1, relaxed=0）",skipped,10,junit4+junit5,1,0,0,1,1,2026-09-15 02:39:19
jhipster/prettier-java,5359d34e611397d5851bb2f375ca8e245ec51336,1213,Apache-2.0,2018-01-04T17:28:57Z,2026-09-03T12:15:41Z,rejected,无 pom.xml（Gradle-only? gradle文件数=0）,,0,,,,,,,2026-09-15 02:39:33
didi/turbo,4cac6b00af0f70351b3e3ef5a69527e380ab01e2,1213,Apache-2.0,2020-12-29T07:35:21Z,2026-03-20T06:40:31Z,rejected,"过 cutoff 候选不足（strict=0, relaxed=0）",skipped,4,junit4+vintage,0,0,0,0,0,2026-09-15 02:39:36
dromara/tianai-captcha,91f0e1e48a5e4baed753ec954aa660e9f54e27ca,1209,Apache-2.0,2021-04-19T00:49:17Z,2026-02-28T01:58:51Z,rejected,pom 中未声明 JUnit 依赖,,3,,,,,,,2026-09-15 02:39:40
hivemq/hivemq-community-edition,43a9bf7c9a382d04e2523ec46292f097705e3dcc,1207,Apache-2.0,2019-04-01T15:29:54Z,2026-09-03T00:23:41Z,rejected,无 pom.xml（Gradle-only? gradle文件数=2）,,0,,,,,,,2026-09-15 02:39:44
jenkinsci/jenkinsfile-runner,a612e845e92b61745570920eb57a7b92f7b8b40e,1203,MIT,2018-02-24T23:56:01Z,2026-07-13T20:12:11Z,rejected,"过 cutoff 候选不足（strict=0, relaxed=0）",skipped,11,junit4,0,0,0,0,0,2026-09-15 02:39:48
mvel/mvel,0331df150f4d4d02be532050461675a4fe56f5db,1203,Apache-2.0,2011-05-17T17:59:38Z,2026-09-02T01:33:23Z,rejected,"过 cutoff 候选不足（strict=1, relaxed=1）",skipped,1,junit5,1,1,0,5,2,2026-09-15 02:39:51
fusesource/jansi,c10d43f48cfdd80ba14dc78b194bc5449f23236d,1200,Apache-2.0,2009-09-05T10:10:52Z,2026-03-27T13:33:16Z,rejected,"过 cutoff 候选不足（strict=0, relaxed=0）",skipped,1,junit5,0,0,2,1,0,2026-09-15 02:39:59
influxdata/influxdb-java,6d99c7ec34767839c5881e4da0015dafab437136,1196,MIT,2014-04-30T18:56:32Z,2026-03-01T14:48:38Z,rejected,"过 cutoff 候选不足（strict=0, relaxed=1）",skipped,1,junit5,0,1,1,0,1,2026-09-15 02:40:50
PebbleTemplates/pebble,6cfecef9b4db9ac1c34d3c9d32d687aaca751770,1196,BSD-3-Clause,2012-12-27T02:04:22Z,2026-08-27T17:11:03Z,rejected,"过 cutoff 候选不足（strict=0, relaxed=0）",skipped,8,junit5,0,0,0,1,0,2026-09-15 02:41:16
castorini/anserini,ace27299f7bf094b3e231c75ebf72ff5fe583e81,1191,Apache-2.0,2015-10-05T23:27:54Z,2026-09-02T19:39:53Z,rejected,"过 cutoff 候选不足（strict=0, relaxed=2）",skipped,1,junit4,0,2,0,2,2,2026-09-15 02:41:33
pedrovgs/Renderers,66d8c8b2257c528860626794c942fbca0c10e30c,1189,Apache-2.0,2014-02-28T14:27:41Z,2026-01-16T10:54:18Z,rejected,无 pom.xml（Gradle-only? gradle文件数=4）,,0,,,,,,,2026-09-15 02:45:05
Lihuanghe/SMSGate,1a819fc0b7aad4c3fa017e45633431be57d64580,1188,Apache-2.0,2015-07-25T13:34:07Z,2026-07-04T05:43:24Z,rejected,"过 cutoff 候选不足（strict=0, relaxed=0）",skipped,1,junit4,0,0,0,1,0,2026-09-15 02:45:08
adorsys/keycloak-config-cli,9c507e9acabe6b23f1d5faadd792ede875bd671b,1183,Apache-2.0,2017-11-09T11:24:12Z,2026-08-17T18:38:54Z,rejected,"过 cutoff 候选不足（strict=0, relaxed=0）",skipped,2,vintage,0,0,0,0,0,2026-09-15 02:45:15
spring-projects/spring-restdocs,3ec9c639af4a55268a46c8acd0bca5f57aa9b7f2,1183,Apache-2.0,2014-10-08T12:53:51Z,2026-06-11T08:33:11Z,rejected,无 pom.xml（Gradle-only? gradle文件数=15）,,0,,,,,,,2026-09-15 02:45:20
spring-projects/spring-modulith,bf815ba5ac8b9c9a3938adbf3e4a79069728fff6,1178,Apache-2.0,2022-07-05T17:46:27Z,2026-09-02T17:02:51Z,rejected,"过 cutoff 候选不足（strict=0, relaxed=0）",skipped,49,junit5,0,0,0,0,0,2026-09-15 02:45:24
ctongfei/progressbar,6f522600a0e47541775f45b19b204c8bd4b5c130,1174,MIT,2015-02-09T19:16:21Z,2026-03-01T00:42:18Z,rejected,"过 cutoff 候选不足（strict=0, relaxed=0）",skipped,1,junit5,0,0,0,0,0,2026-09-15 02:45:35
SpongePowered/SpongeAPI,fb073c867e3f8d9da87acba15a6178bc261badad,1173,MIT,2014-09-07T20:39:25Z,2026-08-31T20:57:20Z,rejected,无 pom.xml（Gradle-only? gradle文件数=2）,,0,,,,,,,2026-09-15 02:45:37
apache/amoro,e697eb3a32f777b0435230fb405a3861fe383e8e,1171,Apache-2.0,2022-07-14T01:54:10Z,2026-09-02T14:59:21Z,rejected,"过 cutoff 候选不足（strict=2, relaxed=2）",skipped,38,junit4+junit5+vintage,2,2,2,5,4,2026-09-15 02:45:42
aaberg/sql2o,4256288b89a4e989842a6e2ceb2eaaab52d59029,1169,MIT,2011-05-18T21:13:57Z,2026-08-27T04:49:10Z,rejected,"过 cutoff 候选不足（strict=0, relaxed=0）",skipped,7,junit4+junit5,0,0,0,0,0,2026-09-15 02:48:47
trekawek/coffee-gb,69e50a13a040cc66781812f47a64525cf022f75d,1168,MIT,2017-01-06T12:38:41Z,2026-09-03T13:32:10Z,accepted,,skipped,8,junit4,9,19,0,0,9,2026-09-15 02:48:50
etcd-io/jetcd,69c4856ae794cc4b16feb85018365cd6efebb899,1166,Apache-2.0,2016-07-20T04:14:11Z,2026-08-28T17:34:16Z,rejected,无 pom.xml（Gradle-only? gradle文件数=16）,,0,,,,,,,2026-09-15 03:02:49
mattprecious/telescope,81989dd49fa9176d1c32fb39fb0b60aee5b66011,1166,Apache-2.0,2014-04-30T16:08:35Z,2026-09-03T12:36:00Z,rejected,无 pom.xml（Gradle-only? gradle文件数=4）,,0,,,,,,,2026-09-15 03:02:52
instancio/instancio,2c989077cd3a544f0ae3acfcc6b10390dabf4755,1159,Apache-2.0,2022-03-03T06:42:29Z,2026-09-03T06:30:43Z,rejected,"过 cutoff 候选不足（strict=0, relaxed=0）",skipped,42,junit5,0,0,0,0,0,2026-09-15 03:02:54
mybatis/mybatis-dynamic-sql,e57baff58a7e5d33df484d645f6bf1ef1591e3d8,1158,Apache-2.0,2016-11-11T15:22:00Z,2026-08-27T21:55:11Z,rejected,"过 cutoff 候选不足（strict=0, relaxed=0）",skipped,1,junit4+junit5,0,0,0,0,0,2026-09-15 03:03:11
gitlab4j/gitlab4j-api,c60f8538e2ad1959a65fc25aede53dcded07bdd0,1156,MIT,2014-02-18T05:09:14Z,2026-08-18T10:17:11Z,rejected,无 pom.xml（Gradle-only? gradle文件数=4）,,0,,,,,,,2026-09-15 03:03:24
vert-x3/vertx-web,717d477d46150d05f59807e14563fa0505244121,1150,Apache-2.0,2014-11-14T08:15:20Z,2026-09-02T14:35:28Z,rejected,pom 中未声明 JUnit 依赖,,24,,,,,,,2026-09-15 03:03:27
resteasy/resteasy,e2062bee5fd01f0f3b6775eb115e5fe3b652e0b2,1142,Apache-2.0,2011-12-09T15:15:43Z,2026-09-03T13:45:10Z,rejected,"过 cutoff 候选不足（strict=0, relaxed=1）",skipped,56,junit5,0,1,3,16,1,2026-09-15 03:03:32
davidmoten/rtree,2dcb6c08f8872431d1a4d68a763c3f7daa98a65b,1141,Apache-2.0,2014-08-26T12:29:14Z,2026-09-03T11:24:35Z,rejected,cutoff 2026-01-01 以来 src/main/java 零提交（主代码冻结）,,1,junit4,,,,,,2026-09-15 03:06:50
yangzongzhuan/RuoYi-Vue-fast,8c0079b1b20a1d91d54bbba929ae22c80ad22e75,1139,MIT,2020-07-19T01:54:06Z,2026-08-26T00:15:06Z,rejected,pom 中未声明 JUnit 依赖,,1,,,,,,,2026-09-15 03:06:53
casid/jte,a271c27d21447fbfce3e91b2e59491e3855998ac,1135,Apache-2.0,2020-04-17T19:29:52Z,2026-09-01T04:33:14Z,rejected,"过 cutoff 候选不足（strict=0, relaxed=1）",skipped,27,junit5,0,1,0,1,1,2026-09-15 03:06:55
microsoft/mssql-jdbc,347d7755cdd46a1c01e3b23b02c707986264424d,1133,MIT,2016-08-22T21:58:47Z,2026-09-03T10:30:53Z,accepted,,skipped,10,junit5,10,7,9,11,10,2026-09-15 03:07:09
dylibso/chicory,e2e2e4058f49fbffeffc5ea92c54b41534cb45d3,1132,Apache-2.0,2023-09-16T23:55:05Z,2026-07-06T03:12:46Z,accepted,,skipped,39,junit5,6,3,2,1,6,2026-09-15 03:30:19
marcosbarbero/spring-cloud-zuul-ratelimit,36dc0a6815d020a280a805bd9ef68dbe37148018,1130,Apache-2.0,2016-04-14T17:49:19Z,2026-08-24T04:03:07Z,rejected,cutoff 2026-01-01 以来 src/main/java 零提交（主代码冻结）,,13,vintage,,,,,,2026-09-15 03:35:44
codelibs/fess,944b709c231869baa499373dfcc33d5223518982,1128,Apache-2.0,2013-09-13T04:50:05Z,2026-09-03T04:59:36Z,accepted,,skipped,1,junit5,16,17,2,8,16,2026-09-15 03:35:46
sofastack/sofa-tracer,63a37a79330786bbbf623913c0848a24aa58061c,1127,Apache-2.0,2018-05-14T09:56:50Z,2026-06-07T01:15:33Z,rejected,"过 cutoff 候选不足（strict=0, relaxed=0）",skipped,26,junit4,0,0,0,1,0,2026-09-15 04:04:03
ArcadeData/arcadedb,d3d7497286a021a3b38332fe2f443e41e950995d,1123,Apache-2.0,2021-08-16T16:01:29Z,2026-09-03T13:43:58Z,accepted,,skipped,28,junit4+junit5+vintage,46,159,1,25,20,2026-09-15 04:04:13
awspring/spring-cloud-aws,76d330d0b00d4ceba4d90cdfc065be6629c9164d,1120,Apache-2.0,2020-09-30T22:40:15Z,2026-08-30T20:38:19Z,rejected,"过 cutoff 候选不足（strict=0, relaxed=0）",skipped,49,junit5,0,0,0,2,0,2026-09-15 05:17:28
hivemq/hivemq-mqtt-client,7fb6a508f98f78b3ac0d3f83c7da6af283eaf9a4,1117,Apache-2.0,2018-01-02T21:15:55Z,2026-08-29T02:47:30Z,rejected,无 pom.xml（Gradle-only? gradle文件数=8）,,0,,,,,,,2026-09-15 05:17:36
nageoffer/congomall,1c52d84563238be55ba57416f0f5e751028272dd,1114,Apache-2.0,2023-03-22T03:22:32Z,2026-03-12T14:46:03Z,rejected,cutoff 2026-01-01 以来 src/main/java 零提交（主代码冻结）,,78,vintage,,,,,,2026-09-15 05:17:40
camunda/camunda-bpm-examples,6c7f4c4adb4beb9a2f5d4c5e49fc1ddfc6dab3fc,1113,Apache-2.0,2013-04-04T15:39:07Z,2026-08-28T09:47:28Z,rejected,cutoff 2026-01-01 以来 src/main/java 零提交（主代码冻结）,,49,junit4+junit5,,,,,,2026-09-15 05:17:43
apache/freemarker,e156e5faf9325e7ec05b781411bbf331aff98dfc,1111,Apache-2.0,2015-09-04T07:00:05Z,2026-08-29T23:50:11Z,rejected,无 pom.xml（Gradle-only? gradle文件数=6）,,0,,,,,,,2026-09-15 05:17:48
outlaws-bai/Galaxy,360d19da1b90efa859e904528d14bf99dc5c3555,1109,Apache-2.0,2024-02-28T09:35:43Z,2026-08-24T03:48:38Z,rejected,无 pom.xml（Gradle-only? gradle文件数=2）,,0,,,,,,,2026-09-15 05:17:53
shmuelzon/home-assistant-floor-plan,d1baea5cccac62c2497bae35fb2ad9a6eb0ba536,1105,MIT,2024-02-03T14:33:06Z,2026-01-12T16:00:17Z,rejected,无 pom.xml（Gradle-only? gradle文件数=0）,,0,,,,,,,2026-09-15 05:17:55
leangen/graphql-spqr,2221af76c0da0ab701ddada9792d64acaa525e33,1102,Apache-2.0,2016-08-09T16:02:55Z,2026-01-27T15:51:15Z,rejected,"过 cutoff 候选不足（strict=0, relaxed=0）",skipped,1,junit4,0,0,0,0,0,2026-09-15 05:17:59
Multiverse/Multiverse-Core,4de4e5a68edb2c7b74dcaa7643ac2575ccc1e9be,1100,BSD-3-Clause,2011-03-30T16:18:14Z,2026-08-28T11:02:01Z,rejected,无 pom.xml（Gradle-only? gradle文件数=2）,,0,,,,,,,2026-09-15 05:18:03
NEZNAMY/TAB,2c33747e1b5f26afd05727e3ba93c594fc098ee6,1098,Apache-2.0,2019-07-25T00:02:06Z,2026-09-01T15:17:21Z,rejected,无 pom.xml（Gradle-only? gradle文件数=46）,,0,,,,,,,2026-09-15 05:18:07
pgjdbc/r2dbc-postgresql,5ab45f8b989350f5b7ddbe0177a5f3e281b0bca1,1097,Apache-2.0,2018-06-11T21:50:49Z,2026-07-03T13:37:57Z,rejected,"过 cutoff 候选不足（strict=0, relaxed=0）",skipped,1,junit5,0,0,0,1,0,2026-09-15 05:18:13
OpenAPITools/openapi-diff,63850d8074452f5761ce7e7e460307f0f127647a,1096,Apache-2.0,2017-12-12T00:39:30Z,2026-09-03T08:42:39Z,rejected,"过 cutoff 候选不足（strict=1, relaxed=1）",skipped,5,junit5,1,1,0,0,2,2026-09-15 05:18:21
apache/mina-sshd,3cd153c7eb5a3de4ba0e9dcdf4edea5f08f0e255,1094,Apache-2.0,2010-05-26T23:38:08Z,2026-08-29T13:28:03Z,rejected,"过 cutoff 候选不足（strict=1, relaxed=3）",skipped,17,junit5,1,3,5,22,4,2026-09-15 05:19:25
spring-projects/spring-hateoas,77bbe8eab779bce80c7272ee93e083268a83af77,1090,Apache-2.0,2012-05-07T15:18:47Z,2026-08-21T12:18:35Z,rejected,"过 cutoff 候选不足（strict=0, relaxed=1）",skipped,1,junit4+junit5,0,1,0,0,1,2026-09-15 05:36:14
kingston-csj/jforgame,13b522468aa8dfdb4a4e49dd47a2655c27cba6aa,1087,Apache-2.0,2017-06-18T06:41:13Z,2026-08-29T02:37:04Z,rejected,"过 cutoff 候选不足（strict=0, relaxed=2）",skipped,21,junit4,0,2,0,0,2,2026-09-15 05:36:20
xerial/snappy-java,b68e18dd4dda3264ba5a77eff8a895092a6e4b88,1082,Apache-2.0,2012-09-06T01:30:21Z,2026-03-23T22:12:23Z,rejected,无 pom.xml（Gradle-only? gradle文件数=0）,,0,,,,,,,2026-09-15 05:36:44
apache/commons-io,f720b24227eb6972d4281d330ddb64c1416f81a4,1081,Apache-2.0,2009-05-21T01:38:37Z,2026-08-31T11:18:48Z,rejected,"过 cutoff 候选不足（strict=0, relaxed=2）",skipped,1,junit5,0,2,0,2,2,2026-09-15 05:36:48
networknt/json-schema-validator,8716b5b6359031589bb2db99815cd0b1cefe51f0,1080,Apache-2.0,2016-09-15T12:24:16Z,2026-08-27T20:27:22Z,rejected,"过 cutoff 候选不足（strict=0, relaxed=0）",skipped,1,junit5,0,0,2,5,0,2026-09-15 05:42:46
dnsjava/dnsjava,8bed725c19e2c551b421771b27e851d521e16a4f,1078,BSD-3-Clause,2014-02-22T12:43:49Z,2026-08-30T19:39:36Z,rejected,"过 cutoff 候选不足（strict=0, relaxed=0）",skipped,1,junit5,0,0,6,10,0,2026-09-15 05:44:11
hiparker/opsli-boot,80becfa375db9e929243e27ee2e32620f5dae8ab,1078,Apache-2.0,2020-09-13T02:20:00Z,2026-04-20T00:32:34Z,rejected,pom 中未声明 JUnit 依赖,,19,,,,,,,2026-09-15 05:56:27
mateaix/mateclaw,d080bf09f6b3cd098350c566b6cdac8e9958be20,1075,Apache-2.0,2026-04-04T10:53:35Z,2026-09-02T09:56:21Z,accepted,,skipped,6,junit5,23,59,0,0,20,2026-09-15 05:56:30
belaban/JGroups,e90a59e8efb38b8c4950b95d2055a4fc810e6537,1074,Apache-2.0,2010-11-07T15:51:28Z,2026-09-03T13:50:04Z,rejected,pom 中未声明 JUnit 依赖,,1,,,,,,,2026-09-15 06:08:59
zalando/problem-spring-web,236613007ccc54e9cc7dfd4cf993b8e41ecab811,1070,MIT,2015-08-18T21:41:40Z,2026-03-23T10:56:10Z,rejected,cutoff 2026-01-01 以来 src/main/java 零提交（主代码冻结）,,7,junit5,,,,,,2026-09-15 06:09:05
spring-cloud/spring-cloud-stream,009a79f5e2ca41c076fee15395270c3d3df6551a,1070,Apache-2.0,2015-07-08T15:51:38Z,2026-09-02T10:30:31Z,rejected,"过 cutoff 候选不足（strict=0, relaxed=1）",skipped,27,junit5+vintage,0,1,1,2,1,2026-09-15 06:09:07
FasterXML/jackson-annotations,29ce4cc1f08a757652991ca5c879a7723d89ddea,1068,Apache-2.0,2011-12-23T02:46:52Z,2026-08-31T05:14:29Z,rejected,"过 cutoff 候选不足（strict=0, relaxed=0）",skipped,1,junit5,0,0,0,0,0,2026-09-15 06:11:12
spring-cloud/spring-cloud-function,3ce6b99b8fc46efe88f5e3501a70d412c3cced6d,1066,Apache-2.0,2016-09-22T02:34:34Z,2026-09-03T10:29:29Z,rejected,"过 cutoff 候选不足（strict=0, relaxed=3）",skipped,50,junit4+junit5+vintage,0,3,0,0,3,2026-09-15 06:11:15
java-up-up/damai,9fc3fbbdc6db8e20e872251a18757d49bb7d0586,1064,Apache-2.0,2024-07-09T07:42:08Z,2026-08-13T08:21:32Z,rejected,"过 cutoff 候选不足（strict=0, relaxed=0）",skipped,45,junit4,0,0,0,2,0,2026-09-15 06:15:29
apache/celeborn,0d63a20e4c08b713e1d0cf69a9d03c67cb6db6af,1061,Apache-2.0,2021-12-10T08:57:16Z,2026-08-26T06:43:26Z,rejected,"过 cutoff 候选不足（strict=2, relaxed=0）",skipped,46,junit4+junit5,2,0,1,2,2,2026-09-15 06:15:58
qqxx6661/log-record,4989aed3d1027b21dec9bc1e95d1538974466107,1060,Apache-2.0,2021-11-06T06:35:33Z,2026-09-02T16:12:11Z,rejected,pom 中未声明 JUnit 依赖,,3,,,,,,,2026-09-15 06:17:03
gavlyukovskiy/spring-boot-data-source-decorator,6a46e4eda0eaf71e19d78ca515a8e7388e5182eb,1059,Apache-2.0,2017-04-18T22:39:27Z,2026-08-31T21:23:16Z,rejected,无 pom.xml（Gradle-only? gradle文件数=9）,,0,,,,,,,2026-09-15 06:17:06
apache/phoenix,ff100f6a5d498b8c1ba4b079af136d244a51aeae,1058,Apache-2.0,2014-06-04T07:00:08Z,2026-09-01T16:58:06Z,accepted,,skipped,16,junit4,8,6,36,36,8,2026-09-15 06:17:09
i-net-software/JWebAssembly,fc2fca0ffecf7ebe9251480cc23bdaf962e57c13,1052,Apache-2.0,2017-03-20T19:05:05Z,2026-08-17T18:54:13Z,rejected,无 pom.xml（Gradle-only? gradle文件数=2）,,0,,,,,,,2026-09-15 07:12:59
carrotsearch/hppc,dcf2d7a4a479cb4a3ad993f26e2e319bb6be597c,1051,Apache-2.0,2011-02-22T15:14:20Z,2026-08-13T19:58:21Z,rejected,无 pom.xml（Gradle-only? gradle文件数=18）,,0,,,,,,,2026-09-15 07:13:02
Byron4j/CookBook,9ed8311243d256f76319e4e0d6ad85b9bfb23ce2,1050,MIT,2018-10-16T03:16:19Z,2026-05-07T13:41:32Z,rejected,pom 中未声明 JUnit 依赖,,3,,,,,,,2026-09-15 07:13:05
agents-flex/agents-flex,a25b1920569e69956bf55046fd0d8f7f3ec789c3,1046,Apache-2.0,2024-01-12T08:23:40Z,2026-09-03T11:14:19Z,accepted,,skipped,97,junit4,2,6,0,0,5,2026-09-15 07:13:14
Netflix/Priam,559b3f7adf6fa17aae271854890976e1afe67a6f,1039,Apache-2.0,2011-07-20T17:51:25Z,2026-06-17T21:30:44Z,rejected,无 pom.xml（Gradle-only? gradle文件数=8）,,0,,,,,,,2026-09-15 07:14:42
apple/servicetalk,f89d5e5306581d95b539eb572aaef42c8dec29af,1037,Apache-2.0,2018-09-07T00:14:48Z,2026-08-31T23:47:48Z,rejected,pom 中未声明 JUnit 依赖,,1,,,,,,,2026-09-15 07:14:45
googlesamples/android-testdpc,d42d7f196d2db3d22ba4fca1e74faa5bc9b58d4e,1034,Apache-2.0,2015-05-22T02:46:28Z,2026-01-29T17:10:31Z,rejected,无 pom.xml（Gradle-only? gradle文件数=0）,,0,,,,,,,2026-09-15 07:14:52
juanjuandog/FinSight-AI,5cdf91aa756e1c08239103af4e8d9f61b7541529,1034,MIT,2026-05-11T11:19:40Z,2026-09-02T13:54:32Z,rejected,pom 中未声明 JUnit 依赖,,1,,,,,,,2026-09-15 07:14:55
apache/flink-kubernetes-operator,56ddd057828193404b424d5495ebc1fcc92f31d6,1031,Apache-2.0,2022-02-10T05:00:35Z,2026-08-27T13:50:11Z,rejected,"过 cutoff 候选不足（strict=1, relaxed=2）",skipped,14,junit4+junit5+vintage,1,2,0,0,3,2026-09-15 07:15:00
mezz/JustEnoughItems,f93563ca4965d511bd07d4f041b3a6ddd1158ef0,1024,MIT,2014-09-30T22:26:10Z,2026-09-03T13:16:38Z,rejected,无 pom.xml（Gradle-only? gradle文件数=10）,,0,,,,,,,2026-09-15 07:15:47
gaarason/database-all,8ccec93b177281c9217a5b0d6af0c0306ebdb0e8,1022,MIT,2019-09-11T05:58:26Z,2026-05-09T17:30:02Z,rejected,"过 cutoff 候选不足（strict=0, relaxed=0）",skipped,14,junit4+vintage,0,0,0,2,0,2026-09-15 07:15:53
google/tsunami-security-scanner-plugins,93297b532c16bd8ef5633d008a97a321e5e8a549,1021,Apache-2.0,2020-06-04T15:19:25Z,2026-09-03T12:32:13Z,rejected,无 pom.xml（Gradle-only? gradle文件数=262）,,0,,,,,,,2026-09-15 07:16:11
togglz/togglz,3ce6996391034763924dca7d1bdea9d5fcdf7028,1020,Apache-2.0,2011-12-21T16:49:03Z,2026-08-28T17:03:26Z,rejected,"过 cutoff 候选不足（strict=0, relaxed=0）",skipped,42,junit4+junit5+vintage,0,0,0,0,0,2026-09-15 07:16:19
instagram4j/instagram4j,59181ee7db4442ab0776073f701612a44c6697db,1017,Apache-2.0,2017-02-04T03:12:35Z,2026-08-17T07:15:53Z,rejected,无 pom.xml（Gradle-only? gradle文件数=4）,,0,,,,,,,2026-09-15 07:16:23
authorjapps/zerocode,2d7f807bc72d73c7d2ac332c8bdb1e6c04eabf6a,1012,Apache-2.0,2016-07-05T13:43:44Z,2026-09-03T11:41:15Z,rejected,"过 cutoff 候选不足（strict=0, relaxed=1）",skipped,7,junit4+junit5+vintage,0,1,0,0,1,2026-09-15 07:16:27
ent0n29/polybot,51e5362f026adf54162fc1256f453241d93680e6,1009,MIT,2025-12-13T14:38:45Z,2026-02-20T23:34:32Z,rejected,pom 中未声明 JUnit 依赖,,7,,,,,,,2026-09-15 07:16:50
AthenZ/athenz,3437e9b17a9da451063d204c815316e912674a0b,1006,Apache-2.0,2016-11-16T18:23:08Z,2026-09-03T05:28:40Z,rejected,pom 中未声明 JUnit 依赖,,81,,,,,,,2026-09-15 07:16:53
lukas-krecan/JsonUnit,4d40582a52e8ec7be67640d09a2e018e7567efcd,1004,Apache-2.0,2012-01-29T08:33:07Z,2026-09-03T02:05:35Z,rejected,"过 cutoff 候选不足（strict=0, relaxed=0）",skipped,19,junit5+vintage,0,0,0,0,0,2026-09-15 07:17:04
